A,B,C,D,E,F,G,H,I,J,K,L,M
3800,121,1,4,1,4,2,5,4,2,3,5,5
3801,121,0,5,1,4,4,2,2,1,3,2,4
3802,121,0,6,1,3,2,5,2,4,2,4,3
3803,121,1,4,0,4,5,5,4,3,5,2,5
3804,121,1,4,1,2,1,3,1,1,3,3,5
3805,121,0,5,1,5,5,5,2,1,4,5,5
3806,121,0,7,0,2,3,2,3,2,4,2,4
3807,121,0,5,2,3,1,4,3,1,1,1,5
3808,121,0,6,0,3,2,5,3,4,5,3,3
3809,121,1,4,1,3,2,5,4,1,2,1,4
3810,121,0,6,0,3,1,3,4,1,5,3,3
3811,121,0,5,1,5,4,4,4,2,2,2,4
3812,121,0,5,1,4,5,3,2,2,5,1,3
3813,121,1,3,0,3,1,3,4,1,1,2,5
3814,121,1,1,1,3,3,5,4,5,4,1,4
3815,121,0,6,0,2,4,4,3,5,4,2,4
3816,121,0,7,1,3,5,2,5,1,2,1,3
3817,121,1,4,0,4,3,4,4,2,4,2,2
3818,121,0,6,2,3,4,5,4,5,3,5,5
3819,121,0,7,2,3,2,4,4,1,3,4,4
3820,121,0,7,2,3,5,3,5,1,5,2,5
3821,121,0,6,0,3,1,5,4,2,2,1,3
3822,121,1,4,1,3,4,5,2,2,2,2,5
3823,121,0,6,0,2,2,3,3,2,4,2,4
3824,121,0,5,0,3,4,5,4,1,5,1,5
3825,121,1,3,0,3,5,4,4,1,3,2,4
3826,121,0,5,0,3,3,4,2,2,5,3,4
3827,121,0,5,1,3,1,1,4,2,3,4,5
3828,121,0,5,1,3,3,3,5,2,3,3,5
3829,121,0,7,2,3,2,3,5,2,2,4,5
3830,121,0,7,1,3,3,1,1,2,4,5,3
3831,121,0,5,1,3,3,2,2,3,5,5,2
3832,121,1,1,1,3,1,3,5,2,5,4,2
3833,121,0,5,3,3,4,4,2,2,5,2,4
3834,121,1,1,2,4,1,2,3,1,5,5,4
3835,121,0,6,3,3,4,3,3,2,2,2,5
3836,121,0,5,0,4,2,3,3,3,5,2,4
3837,121,1,2,1,3,1,3,3,1,4,2,3
3838,121,0,6,0,3,2,5,5,2,5,2,4
3839,121,0,5,4,3,1,4,5,2,4,1,4
3840,121,0,6,1,4,4,4,5,5,4,2,1
3841,121,0,5,3,3,4,5,5,2,5,5,2
3842,121,1,4,3,4,2,5,4,1,3,4,4
3843,121,0,6,1,3,4,4,4,1,5,1,5
3844,121,0,5,1,3,1,2,2,5,5,5,5
3845,121,1,4,1,4,4,4,4,2,5,4,2
3846,121,1,4,2,4,2,5,2,2,4,2,4
3847,121,1,4,0,1,1,5,1,4,2,2,4
3848,121,1,2,1,3,1,3,3,3,3,1,5
3849,121,0,6,0,4,3,3,4,1,4,4,4
3850,121,0,5,0,4,3,4,3,1,1,4,5
3851,121,0,6,0,3,3,3,4,1,4,3,4
3852,121,0,6,1,3,1,2,1,1,1,1,2
3853,121,1,4,1,5,2,5,4,1,2,5,2
3854,121,1,4,0,5,4,5,3,1,4,5,5
3855,121,0,6,1,3,5,4,5,2,2,1,5
3856,121,0,7,2,3,3,4,4,3,3,3,1
3857,121,0,6,1,4,1,1,4,1,1,2,3
3858,121,0,5,2,3,1,4,5,1,4,1,3
3859,121,1,3,2,3,4,4,4,2,1,4,3
3860,121,1,4,0,3,1,5,3,4,5,1,4
3861,121,0,6,2,3,1,4,2,1,3,1,4
3862,121,0,5,1,4,1,5,3,1,4,4,4
3863,121,1,3,2,3,4,1,1,4,4,1,3
3864,121,0,7,0,3,2,4,3,1,2,2,3
3865,121,0,7,1,3,5,5,5,2,4,2,3
3866,121,0,5,2,4,2,5,4,2,3,1,4
3867,121,0,5,3,3,1,2,4,4,5,1,4
3868,121,1,4,0,3,2,4,5,1,3,3,5
3869,121,0,6,0,4,3,5,3,2,4,1,4
3870,121,0,6,3,4,1,4,3,3,3,4,5
3871,121,0,6,0,4,1,5,4,1,5,2,2
3872,121,1,2,0,4,1,5,3,1,3,1,4
3873,121,0,5,1,3,1,5,5,3,5,2,4
3874,121,0,5,0,3,1,5,4,3,5,4,3
3875,121,0,5,1,3,2,3,2,1,3,5,5
3876,121,0,5,4,3,5,3,5,4,5,5,3
3877,121,1,1,1,3,1,4,4,5,4,1,5
3878,121,0,6,0,2,4,4,4,2,1,2,5
3879,121,1,4,1,3,3,4,2,2,2,3,4
3880,121,0,6,2,2,1,4,4,1,5,1,3
3881,121,1,4,2,3,3,5,2,1,4,3,5
3882,121,0,7,2,3,1,3,5,1,3,3,3
3883,121,1,3,2,4,1,3,5,2,4,1,1
3884,121,1,4,2,3,2,4,2,2,5,3,1
3885,121,1,4,1,3,4,4,1,2,4,1,5
3886,121,1,4,1,3,2,5,3,1,2,1,5
3887,121,0,5,1,3,2,4,4,2,4,2,5
3888,121,0,5,3,3,3,5,1,1,3,2,2
3889,121,0,5,0,3,5,4,2,1,5,1,5
3890,121,0,7,1,4,1,5,4,3,4,5,5
3891,121,0,6,4,3,2,4,5,1,5,5,2
3892,121,1,4,0,3,4,2,4,5,3,2,5
3893,121,0,7,1,3,4,3,1,4,5,4,5
3894,121,0,6,1,5,2,5,5,1,4,2,5
3895,121,1,1,2,3,1,1,4,1,4,1,5
3896,121,1,4,1,4,4,4,3,3,4,1,4
3897,121,0,5,0,3,2,2,4,3,5,1,2
3898,121,0,7,3,4,4,4,5,2,3,2,4
3899,121,1,4,1,3,5,2,4,1,3,2,5
3900,121,0,5,0,4,2,2,5,1,2,1,4
3901,121,1,2,2,3,4,5,5,3,4,2,3
3902,121,0,6,3,3,3,5,4,2,3,2,4
3903,121,1,4,2,3,2,4,1,2,3,2,5
3904,121,1,3,0,3,1,4,3,1,2,1,4
3905,121,0,6,2,5,3,5,5,5,2,2,5
3906,121,0,7,0,3,1,4,1,1,4,5,5
3907,121,1,2,0,3,2,5,2,3,2,1,5
3908,121,0,7,2,3,3,5,1,1,3,4,3
3909,121,0,6,1,3,4,3,3,1,3,1,3
3910,121,0,6,0,3,4,4,4,2,3,1,1
3911,121,0,6,1,3,4,5,3,1,1,4,4
3912,121,1,4,2,3,2,4,4,1,2,3,4
3913,121,0,7,0,5,5,3,5,3,4,3,4
3914,121,0,6,3,1,5,4,3,1,4,2,4
3915,121,0,7,1,4,1,5,4,2,5,1,4
3916,121,0,5,2,3,1,2,1,2,5,1,4
3917,121,0,6,1,3,1,3,3,2,4,2,3
3918,121,0,5,2,4,3,5,4,2,4,2,4
3919,121,0,6,2,4,2,5,3,2,3,5,4
3920,121,1,2,0,4,1,1,3,3,4,1,5
3921,121,0,5,3,3,2,5,5,2,3,2,4
3922,121,0,6,0,4,4,5,5,1,2,2,5
3923,121,0,6,2,3,1,4,3,4,2,1,4
3924,121,0,5,0,3,1,1,1,2,5,2,4
3925,121,1,4,2,4,1,1,3,1,4,2,4
3926,121,0,5,2,4,2,4,5,1,3,4,5
3927,121,1,1,1,3,3,5,3,2,5,2,4
3928,121,0,5,1,3,1,5,4,2,4,2,3
3929,121,0,5,1,4,4,1,2,2,3,4,4
3930,121,1,1,1,3,1,3,3,2,4,4,5
3931,121,0,7,1,4,3,5,2,3,2,3,3
3932,121,0,6,0,3,4,1,5,1,4,1,4
3933,121,1,1,1,3,4,1,3,2,5,5,1
3934,121,0,5,1,3,1,4,4,5,4,5,5
3935,121,0,6,3,3,1,4,1,1,2,5,5
3936,121,0,6,3,4,1,3,1,3,4,2,5
3937,121,0,5,1,4,4,5,3,3,1,2,4
3938,121,0,5,1,3,3,5,5,1,5,1,2
3939,121,1,4,1,3,3,5,5,2,1,3,5
3940,121,0,7,1,3,1,4,4,2,1,1,2
3941,121,0,7,0,3,4,5,2,1,5,1,4
3942,121,0,6,0,4,1,3,5,2,2,2,3
3943,121,0,6,2,3,4,5,4,5,4,3,5
3944,121,0,5,1,3,2,5,2,1,3,3,5
3945,121,1,4,0,3,2,5,5,2,4,5,4
3946,121,1,4,2,2,1,2,1,2,5,2,4
3947,121,0,6,0,4,1,5,4,2,4,1,5
3948,121,0,5,1,3,5,4,3,1,4,2,4
3949,121,0,5,1,4,1,3,5,1,2,2,5
3950,121,1,3,0,3,4,3,3,4,4,5,5
3951,121,0,5,2,3,5,5,2,4,4,2,5
3952,121,0,6,0,4,5,5,3,2,5,2,4
3953,121,1,4,1,3,3,2,3,2,5,1,4
3954,121,0,6,3,3,4,4,3,3,4,4,1
3955,121,0,5,2,4,1,5,4,1,5,1,3
3956,121,0,5,0,3,3,4,4,1,3,1,4
3957,121,0,5,0,3,2,3,4,4,4,5,5
3958,121,0,6,0,1,1,4,4,1,4,5,4
3959,121,0,5,3,3,2,5,1,3,3,3,5
3960,121,0,6,3,5,1,4,4,5,1,2,4
3961,121,1,4,1,3,1,5,4,1,3,2,4
3962,121,0,7,0,3,1,5,4,1,2,1,1
3963,121,0,6,1,3,2,2,4,1,5,5,3
3964,121,0,5,2,4,3,4,4,3,3,2,5
3965,121,0,7,1,3,1,2,5,2,5,2,4
3966,121,0,7,2,3,1,5,1,4,4,1,5
3967,121,0,5,1,4,1,2,4,1,5,3,5
3968,121,0,6,1,4,5,1,5,2,4,1,2
3969,121,0,5,1,3,1,3,5,4,5,2,2
3970,121,0,6,3,4,4,5,3,4,3,1,5
3971,121,0,6,1,3,2,2,2,1,4,2,2
3972,121,0,6,1,3,4,4,3,1,5,1,4
3973,121,0,6,1,3,2,3,4,1,3,2,1
3974,121,0,6,1,3,1,5,1,1,4,1,4
3975,121,0,5,3,4,2,1,3,2,1,2,5
3976,121,0,5,2,3,4,4,4,2,5,4,5
3977,121,0,5,3,3,2,4,3,2,2,2,2
3978,121,0,7,1,4,5,1,5,1,5,2,3
3979,121,0,6,1,3,1,4,4,4,4,2,3
3980,121,0,5,2,4,2,5,5,3,5,3,5
3981,121,1,1,2,4,3,5,1,2,2,5,5
3982,121,0,6,0,3,1,1,2,3,3,1,4
3983,121,1,1,2,4,1,1,4,1,5,1,5
3984,121,0,6,1,3,2,5,3,2,2,1,3
3985,121,0,5,0,3,4,5,2,5,1,1,4
3986,121,0,6,0,3,3,4,5,3,5,1,5
3987,121,0,5,2,3,3,3,4,4,5,1,4
3988,121,0,5,2,5,1,5,5,2,5,1,3
3989,121,0,7,0,5,5,4,4,2,1,3,4
3990,121,0,5,0,4,3,4,5,2,5,1,4
3991,121,0,6,1,4,3,4,3,5,3,4,5
3992,121,1,2,1,3,5,4,2,4,3,5,3
3993,121,0,5,0,3,2,3,5,2,4,1,5
3994,121,0,5,1,3,2,4,2,1,4,2,3
3995,121,0,7,0,3,4,4,5,2,3,5,5
3996,121,1,4,1,3,3,3,4,2,5,1,4
3997,121,0,6,0,3,1,5,2,3,3,4,5
3998,121,0,5,1,3,1,4,5,3,4,1,5
3999,121,0,5,2,4,4,5,5,1,5,2,4
4000,121,0,6,2,3,3,4,1,1,5,1,1
4001,121,0,6,3,3,5,4,5,2,5,2,1
4002,121,0,6,3,3,3,5,4,1,4,3,5
4003,121,0,5,2,3,1,5,4,2,5,2,4
4004,121,0,7,0,4,2,2,5,2,5,2,5
4005,121,0,6,0,4,3,3,4,2,5,2,5
4006,121,0,7,2,3,1,5,3,1,4,1,5
4007,121,0,5,1,3,1,3,4,3,2,5,5
4008,121,0,6,1,4,4,5,5,2,5,1,3
4009,121,1,1,2,4,1,5,3,2,5,3,1
4010,121,1,4,1,3,3,5,5,5,2,1,5
4011,121,0,5,1,4,1,4,5,2,3,4,4
4012,121,1,4,2,4,2,5,4,1,5,2,2
4013,121,1,2,1,4,4,4,5,1,5,3,4
4014,121,1,2,1,3,1,4,5,1,2,3,4
4015,121,0,6,2,3,1,3,4,5,4,1,2
4016,121,0,5,1,3,2,4,5,2,5,1,5
4017,121,1,1,0,3,2,4,3,1,4,1,4
4018,121,0,7,1,4,3,5,4,3,1,5,2
4019,121,0,7,2,3,3,4,5,1,3,1,4
4020,121,0,7,3,4,1,5,1,2,5,2,5
4021,121,0,5,1,5,1,4,3,1,4,1,5
4022,121,0,5,1,3,3,5,4,3,4,1,3
4023,121,0,5,1,3,2,4,2,1,3,5,4
4024,121,0,6,0,3,4,4,5,1,3,5,5
4025,121,0,5,1,3,2,5,5,2,3,2,4
4026,121,1,4,2,4,2,3,5,2,4,1,4
4027,121,1,3,1,3,1,1,3,5,3,1,4
4028,121,0,5,3,3,2,3,4,1,5,5,4
4029,121,0,7,0,3,2,5,3,2,2,5,5
4030,121,0,7,1,3,5,4,4,4,1,2,5
4031,121,0,5,1,3,4,4,4,3,2,1,5
4032,121,0,6,0,3,3,5,4,1,5,2,4
4033,121,0,7,1,3,3,5,2,1,2,1,5
4034,121,0,5,1,5,3,2,5,3,4,1,4
4035,121,0,5,2,3,2,4,5,2,5,1,5
4036,121,0,6,1,3,2,4,4,1,2,5,2
4037,121,1,4,2,3,4,4,4,1,5,3,3
4038,121,1,3,2,4,3,3,2,3,3,1,5
4039,121,0,6,1,3,3,1,3,1,5,3,5
4040,121,0,6,1,3,1,4,5,1,5,2,5
4041,121,1,4,1,4,1,4,4,3,4,4,1
4042,121,0,6,1,3,3,4,2,2,3,3,2
4043,121,0,6,1,3,1,3,5,2,3,2,5
4044,121,0,5,0,3,3,5,4,2,1,2,3
4045,121,0,5,1,3,1,4,4,3,5,2,2
4046,121,1,4,1,3,3,1,4,1,2,1,3
4047,121,0,6,0,4,3,1,5,2,4,1,5
4048,121,0,6,1,3,1,4,4,1,2,2,5
4049,121,0,6,1,3,3,2,5,3,3,5,5
4050,121,0,6,1,4,1,5,2,1,2,2,4
4051,121,1,1,1,3,2,4,4,5,5,4,1
4052,121,0,6,0,3,5,5,5,3,2,3,4
4053,121,0,5,2,3,1,3,4,1,4,1,2
4054,121,0,6,0,3,1,4,4,2,5,5,1
4055,121,0,6,2,3,1,2,5,1,5,1,5
4056,121,0,7,1,5,1,3,4,1,3,5,5
4057,121,0,6,0,3,2,2,3,2,3,3,5
4058,121,1,4,0,4,1,4,4,2,5,2,5
4059,121,0,5,2,3,3,5,5,3,3,1,3
4060,121,0,6,1,4,1,1,1,1,2,1,3
4061,121,0,5,0,3,4,5,2,1,1,2,5
4062,121,1,3,2,4,3,2,1,1,5,1,4
4063,121,0,5,0,3,1,5,5,2,4,2,4
4064,121,1,2,2,3,1,5,2,5,5,4,3
4065,121,0,6,0,2,1,4,4,4,5,1,4
4066,121,0,5,1,3,2,5,4,2,3,1,5
4067,121,0,6,2,3,2,4,5,1,5,2,4
4068,121,0,7,2,3,3,2,4,2,5,3,3
4069,121,0,6,0,3,2,2,4,1,4,3,4
4070,121,1,4,1,4,4,4,4,1,2,5,4
4071,121,1,4,0,3,3,5,4,1,5,3,5
4072,121,0,5,3,3,1,5,5,3,1,2,5
4073,121,1,4,3,3,1,3,2,2,3,2,5
4074,121,0,6,1,3,2,4,4,2,3,3,4
4075,121,0,6,1,3,2,5,3,3,2,5,4
4076,121,0,5,2,3,3,3,4,2,3,2,5
4077,121,1,4,0,3,1,4,3,4,5,1,3
4078,121,0,5,3,3,1,2,5,5,4,1,4
4079,121,0,5,1,4,5,5,4,1,5,2,5
4080,121,0,6,1,3,4,1,3,3,5,2,3
4081,121,1,4,0,2,5,1,5,1,4,2,5
4082,121,1,1,1,2,4,5,1,4,2,2,3
4083,121,0,7,1,3,1,4,4,1,3,3,5
4084,121,0,7,2,3,1,5,4,4,4,2,5
4085,121,0,7,1,3,2,4,4,4,2,2,5
4086,121,0,6,2,3,1,4,4,1,4,5,3
4087,121,1,4,1,3,3,5,4,5,5,2,5
4088,121,0,5,2,5,1,4,2,4,5,5,5
4089,121,1,3,1,5,2,3,4,3,1,1,4
4090,121,0,7,1,3,2,3,5,3,2,3,4
4091,121,0,6,2,3,1,4,5,2,4,2,4
4092,121,0,5,0,3,1,4,4,4,2,2,4
4093,121,0,6,0,3,1,3,5,1,3,2,3
4094,121,0,5,3,3,5,4,5,1,1,4,4
4095,121,0,6,2,4,3,5,3,2,5,3,5
4096,121,0,5,0,3,4,5,5,1,1,4,3
4097,121,0,5,1,4,4,4,3,2,5,1,2
4098,121,0,6,3,4,5,1,2,1,2,4,4
4099,121,0,6,2,4,1,5,4,1,3,4,4
4100,121,0,7,0,5,2,2,4,5,3,4,5
4101,121,0,5,1,3,1,5,3,1,4,3,5
4102,121,0,5,2,3,1,5,3,1,5,1,1
4103,121,0,6,2,3,1,5,4,3,4,2,3
4104,121,0,5,1,3,1,2,4,2,3,4,2
4105,121,0,5,1,4,4,1,4,2,3,1,4
4106,121,0,6,3,3,5,3,3,2,2,2,4
4107,121,0,6,0,3,2,5,4,2,5,5,3
4108,121,0,6,0,2,3,4,4,3,5,1,3
4109,121,1,1,1,3,1,4,4,2,3,1,5
4110,121,0,6,1,4,1,4,1,2,5,5,4
4111,121,0,7,1,4,2,3,4,2,2,5,1
4112,121,0,6,0,3,2,5,5,1,4,2,5
4113,121,0,5,2,4,2,4,2,2,3,1,2
4114,121,0,5,0,3,2,4,2,5,2,5,4
4115,121,1,1,2,4,4,4,5,1,2,5,4
4116,121,0,7,2,3,4,2,5,3,5,2,5
4117,121,0,6,2,3,4,4,4,2,4,4,4
4118,121,0,5,2,3,5,5,4,2,3,2,2
4119,121,1,3,1,3,1,2,2,2,2,1,5
4120,121,0,7,1,4,2,2,4,2,4,1,5
4121,121,1,1,1,5,1,4,4,3,5,2,4
4122,121,0,6,2,4,4,4,1,2,5,3,3
4123,121,1,1,1,3,1,5,3,1,1,5,4
4124,121,0,6,1,3,1,5,5,3,4,1,5
4125,121,1,4,0,4,2,1,5,1,2,1,2
4126,121,0,5,2,4,4,4,4,4,1,1,3
4127,121,1,3,2,4,3,4,3,3,3,3,5
4128,121,0,5,0,3,1,2,5,3,4,2,3
4129,121,0,6,1,5,1,5,5,5,3,2,5
4130,121,0,5,1,4,3,3,4,1,3,2,3
4131,121,0,6,0,3,1,4,1,1,5,3,5
4132,121,0,5,0,5,2,3,3,2,4,1,4
4133,121,1,4,0,5,4,4,2,2,4,4,3
4134,121,0,5,2,3,1,5,4,1,1,2,3
4135,121,0,5,1,5,2,5,2,1,5,5,1
4136,121,0,5,1,4,4,4,2,3,3,2,3
4137,121,0,5,1,4,1,4,4,1,4,2,5
4138,121,0,7,0,3,4,3,3,2,4,3,5
4139,121,0,7,4,3,1,5,1,2,5,1,4
4140,121,0,5,3,4,5,1,3,1,5,1,5
4141,121,0,5,2,4,1,2,3,3,4,1,4
4142,121,0,7,2,4,1,3,4,2,2,4,5
4143,121,0,6,0,4,1,5,5,2,5,2,5
4144,121,0,6,1,5,1,3,3,4,3,4,4
4145,121,0,5,1,3,1,2,4,3,4,3,4
4146,121,0,5,0,3,3,5,2,5,3,1,2
4147,121,1,4,2,4,1,5,3,1,4,4,5
4148,121,0,6,1,4,4,4,4,5,4,3,1
4149,121,0,6,1,3,4,1,4,1,4,5,5
4150,121,0,5,0,4,3,4,4,1,5,1,5
4151,121,1,4,1,3,1,3,4,2,2,2,4
4152,121,0,7,2,5,4,5,2,2,5,4,3
4153,121,1,4,2,3,3,4,3,1,4,1,2
4154,121,1,4,1,3,3,5,3,2,1,3,5
4155,121,0,5,0,3,5,4,4,1,1,1,5
4156,121,0,6,0,3,1,4,4,2,5,5,3
4157,121,0,5,0,3,5,4,4,5,4,2,3
4158,121,0,6,0,2,1,4,5,2,4,2,5
4159,121,0,6,2,4,1,5,5,2,4,1,4
4160,121,0,7,3,3,1,2,4,2,4,1,2
4161,121,0,7,0,4,5,3,2,2,5,1,5
4162,121,1,4,2,4,3,4,2,2,5,1,4
4163,121,0,5,2,3,4,5,3,2,2,4,3
4164,121,0,5,0,3,2,1,5,1,2,1,3
4165,121,0,5,0,3,1,4,3,4,5,4,3
4166,121,0,6,1,3,2,3,4,2,4,3,1
4167,121,0,7,1,3,1,4,2,2,4,1,2
4168,121,0,7,1,4,2,2,4,5,4,3,5
4169,121,0,5,0,3,2,5,5,2,3,2,1
4170,121,1,4,1,4,4,3,2,2,3,1,3
4171,121,1,2,0,3,2,4,4,2,4,4,4
4172,121,0,5,0,4,2,3,3,3,5,4,5
4173,121,0,7,1,3,2,3,3,1,5,1,4
4174,121,0,6,1,3,3,4,5,3,2,2,5
4175,121,1,4,0,3,2,5,2,1,4,2,5
4176,121,0,7,0,3,4,3,3,1,3,1,3
4177,121,0,6,2,3,3,2,4,1,3,2,3
4178,121,0,7,2,4,5,5,3,1,5,4,1
4179,121,0,5,1,3,1,5,4,5,4,1,5
4180,121,0,6,0,3,3,5,5,3,2,1,1
4181,121,0,5,0,3,3,3,5,4,2,3,5
4182,121,0,5,0,2,2,3,5,1,3,5,4
4183,121,0,5,1,4,1,4,5,5,3,2,5
4184,121,0,6,0,4,1,3,4,5,1,5,4
4185,121,1,4,0,3,1,4,5,1,5,2,3
4186,121,0,7,1,3,4,5,2,4,3,3,5
4187,121,0,6,2,3,2,5,4,5,4,2,5
4188,121,0,6,0,3,5,3,2,1,5,1,2
4189,121,0,7,3,4,1,5,4,1,5,3,5
4190,121,1,1,0,3,3,5,4,3,4,2,5
4191,121,0,7,0,4,1,5,4,5,2,2,1
4192,121,1,4,2,5,1,5,4,1,2,1,2
4193,121,1,4,0,3,1,5,4,1,4,2,4
4194,121,0,6,1,4,2,5,2,5,5,1,3
4195,121,0,6,1,3,5,4,3,2,3,2,4
4196,121,0,6,1,4,2,5,3,3,5,3,5
4197,121,0,5,0,3,5,5,5,2,4,5,4
4198,121,0,6,0,3,2,3,3,5,5,2,4
4199,121,0,6,3,4,2,2,4,5,5,2,3
4200,121,0,6,1,3,1,3,4,2,3,1,2
4201,121,1,4,2,3,2,4,4,4,5,3,3
4202,121,0,6,3,3,2,5,1,1,5,3,5
4203,121,0,6,2,4,3,3,3,1,3,1,5
4204,121,1,1,0,4,3,5,4,1,4,5,3
4205,121,1,4,2,3,5,1,5,3,5,1,5
4206,121,0,6,1,3,3,3,3,2,2,3,3
4207,121,0,5,0,3,1,5,3,1,3,2,5
4208,121,0,5,0,4,3,3,2,1,4,3,3
4209,121,0,6,0,3,3,5,5,2,4,3,5
4210,121,0,5,1,4,4,4,5,2,2,2,5
4211,121,1,4,1,5,1,3,3,1,4,4,5
4212,121,1,3,0,3,1,2,3,2,4,1,5
4213,121,1,3,2,4,2,4,5,1,5,1,1
4214,121,1,4,2,4,1,4,5,2,5,4,3
4215,121,0,6,0,3,4,4,5,4,2,4,3
4216,121,0,5,1,2,2,5,4,3,3,2,5
4217,121,0,6,1,3,2,5,1,1,2,1,2
4218,121,0,6,2,4,2,1,5,3,5,1,5
4219,121,1,2,2,5,4,4,5,2,4,3,4
4220,121,0,5,0,3,5,4,4,3,5,4,3
4221,121,1,4,0,4,5,3,5,1,1,1,5
4222,121,0,5,0,3,3,4,4,3,4,4,5
4223,121,0,5,2,4,2,3,4,1,3,2,4
4224,121,0,5,0,3,5,3,3,1,3,1,2
4225,121,0,5,3,2,2,3,1,2,5,4,5
4226,121,1,4,2,3,1,5,5,3,2,1,3
4227,121,0,7,0,3,2,3,4,2,5,1,3
4228,121,1,2,2,3,4,4,5,2,3,5,4
4229,121,1,1,0,3,2,3,4,1,4,2,4
4230,121,0,5,0,3,1,5,2,3,1,4,3
4231,121,0,6,3,3,2,3,5,1,1,3,3
4232,121,0,6,0,2,2,5,5,5,3,2,4
4233,121,0,6,1,3,2,5,3,1,4,1,3
4234,121,1,4,1,3,3,4,3,1,2,5,4
4235,121,0,6,4,4,2,4,1,3,5,5,3
4236,121,0,5,1,5,5,5,1,1,2,1,4
4237,121,0,5,0,3,5,4,4,2,1,1,4
4238,121,0,5,2,5,2,3,5,2,5,2,5
4239,121,0,5,1,3,5,5,4,2,5,5,5
4240,121,0,5,0,3,1,1,4,1,4,1,2
4241,121,1,2,2,5,1,2,1,2,5,2,2
4242,121,0,5,1,3,2,3,4,1,4,1,5
4243,121,1,4,2,3,5,3,5,2,2,2,4
4244,121,1,1,2,3,2,2,1,3,4,2,5
4245,121,0,7,2,3,4,4,4,2,5,3,2
4246,121,0,6,0,4,3,5,5,2,1,2,3
4247,121,0,6,0,3,3,5,5,1,5,5,5
4248,121,0,6,1,3,5,4,4,1,5,4,5
4249,121,0,7,3,3,2,5,4,1,2,1,5
4250,121,0,7,1,4,5,4,5,3,3,2,3
4251,121,0,6,0,3,1,5,4,3,5,3,3
4252,121,1,4,3,3,3,2,3,1,3,4,1
4253,121,0,6,1,3,4,4,4,2,5,1,5
4254,121,0,7,2,3,2,1,3,1,3,3,5
4255,121,0,7,1,3,3,3,5,1,3,3,5
4256,121,0,6,4,3,2,5,1,4,4,5,5
4257,121,1,4,3,3,3,5,5,2,2,1,4
4258,121,1,3,1,3,1,5,5,5,4,1,4
4259,121,0,5,3,4,3,4,1,3,2,1,5
4260,121,0,5,0,2,5,5,2,2,4,2,4
4261,121,0,5,0,3,4,2,5,1,1,2,4
4262,121,0,6,1,5,1,2,2,4,5,2,4
4263,121,1,4,1,3,1,5,3,1,4,2,5
4264,121,0,5,1,3,1,2,2,2,3,3,4
4265,121,0,7,1,3,3,3,2,5,4,2,3
4266,121,0,5,0,3,5,4,1,1,5,1,5
4267,121,1,1,0,3,3,5,5,1,4,3,3
4268,121,1,4,1,3,1,4,3,2,2,2,4
4269,121,0,7,2,3,1,4,3,2,4,4,4
4270,121,0,5,1,3,3,5,3,1,4,3,4
4271,121,0,5,0,3,4,1,1,3,4,1,1
4272,121,0,7,0,3,2,4,4,2,3,3,4
4273,121,0,5,0,3,2,4,3,2,4,3,5
4274,121,0,6,1,3,2,4,4,4,5,1,5
4275,121,0,6,1,3,1,3,3,3,4,1,5
4276,121,1,4,1,4,1,3,3,4,3,1,4
4277,121,0,6,3,4,2,4,5,2,4,4,4
4278,121,0,6,0,3,4,1,1,1,4,3,2
4279,121,0,5,1,3,2,4,5,2,4,3,5
4280,121,0,6,0,3,1,3,5,4,5,2,3
4281,121,0,5,1,3,4,1,3,2,1,2,5
4282,121,0,7,2,3,1,4,4,1,4,1,4
4283,121,1,3,1,3,4,5,2,1,5,1,5
4284,121,0,5,1,4,4,4,2,4,5,5,5
4285,121,0,7,1,4,5,5,4,3,2,5,4
4286,121,0,6,1,3,1,3,4,4,5,4,4
4287,121,0,6,2,3,5,1,1,2,4,1,5
4288,121,0,5,3,3,5,5,1,3,3,2,5
4289,121,0,6,0,3,2,4,5,2,5,2,5
4290,121,1,1,1,3,4,5,2,1,2,5,3
4291,121,0,5,0,3,4,4,4,3,5,1,3
4292,121,1,2,1,3,5,3,3,3,4,3,5
4293,121,1,3,2,3,1,5,5,1,2,4,5
4294,121,0,5,1,5,2,3,4,2,3,1,4
4295,121,1,2,2,3,5,3,2,4,4,2,2
4296,121,0,6,1,3,3,4,4,2,3,2,5
4297,121,0,6,2,3,2,3,4,1,5,1,2
4298,121,0,5,1,4,1,5,1,1,2,2,5
4299,121,0,5,0,4,2,1,4,3,5,4,5
8000,633,1,2,0,3,4,4,4,5,4,5,3
8001,633,0,5,1,5,3,2,3,1,2,1,2
8002,633,0,7,0,3,3,5,2,1,4,2,5
8003,633,1,4,0,3,3,3,2,1,1,1,5
8004,633,0,5,3,3,3,5,5,1,5,3,5
8005,633,1,4,1,4,1,4,3,1,1,1,2
8006,633,0,6,1,3,2,4,2,1,3,1,5
8007,633,1,4,0,5,3,5,4,3,3,3,3
8008,633,0,5,0,2,5,5,4,2,5,3,5
8009,633,1,1,1,3,3,2,1,2,3,1,5
8010,633,1,1,2,4,4,4,4,4,2,3,5
8011,633,0,7,0,5,2,5,5,1,1,2,5
8012,633,0,6,1,4,2,4,1,2,2,2,5
8013,633,0,7,3,3,5,5,4,2,4,1,2
8014,633,1,1,1,3,3,2,4,4,1,1,1
8015,633,0,6,0,4,4,5,5,1,2,3,4
8016,633,0,6,0,3,2,2,5,5,3,4,4
8017,633,1,4,2,4,4,2,4,4,5,2,2
8018,633,0,5,1,3,4,5,4,2,5,4,3
8019,633,0,6,3,5,1,1,2,2,5,1,2
8020,633,1,4,1,3,1,3,5,1,2,3,4
8021,633,1,4,1,5,4,5,5,3,5,2,4
8022,633,1,4,0,3,4,5,5,3,5,3,2
8023,633,1,4,0,5,3,3,3,3,5,2,5
8024,633,1,4,1,3,5,3,5,3,2,2,3
8025,633,1,1,1,5,1,5,5,2,3,3,5
8026,633,1,4,0,3,1,1,5,4,5,3,4
8027,633,0,5,0,3,3,4,5,5,5,1,5
8028,633,0,6,0,4,2,4,3,2,4,1,3
8029,633,1,2,3,3,1,4,3,3,5,1,4
8030,633,1,4,0,3,3,5,5,2,5,1,5
8031,633,0,6,2,3,4,4,5,3,4,3,1
8032,633,0,5,3,4,1,5,5,2,5,3,4
8033,633,0,5,1,3,3,4,5,3,2,1,4
8034,633,0,7,0,3,2,5,4,3,2,3,5
8035,633,0,5,0,3,2,3,5,2,1,2,5
8036,633,0,5,2,2,2,4,2,1,3,2,2
8037,633,0,6,0,3,2,4,4,3,2,1,3
8038,633,1,2,1,3,5,5,2,1,3,4,4
8039,633,0,5,1,5,2,1,4,2,4,3,2
8040,633,0,5,1,3,4,4,2,2,5,2,5
8041,633,1,3,2,3,2,3,5,3,3,3,1
8042,633,0,7,1,3,1,5,3,1,5,1,3
8043,633,0,5,0,3,1,5,2,3,5,1,4
8044,633,1,2,3,3,2,5,4,1,4,1,3
8045,633,1,4,1,3,1,5,5,1,4,4,2
8046,633,0,6,0,3,2,3,4,2,5,3,1
8047,633,0,6,1,3,1,3,3,1,5,1,4
8048,633,0,6,2,3,4,5,3,3,2,3,5
8049,633,0,7,3,3,5,1,4,1,1,1,5
8050,633,0,6,0,5,4,5,5,3,5,4,5
8051,633,0,7,1,3,3,2,3,2,2,3,5
8052,633,0,6,2,3,4,3,4,1,4,2,1
8053,633,0,5,1,3,1,5,5,4,4,1,2
8054,633,1,3,3,3,4,5,5,3,1,2,5
8055,633,0,7,1,3,1,3,3,2,5,5,1
8056,633,1,3,0,2,4,1,5,2,3,3,1
8057,633,0,5,2,4,5,5,3,1,3,1,5
8058,633,0,6,2,3,1,4,4,1,5,1,3
8059,633,0,6,0,5,4,4,3,1,1,1,5
8060,633,0,6,1,4,5,3,4,1,5,2,3
8061,633,1,4,3,4,2,5,2,3,3,1,5
8062,633,0,6,1,4,1,5,4,3,5,2,1
8063,633,0,7,1,5,2,5,5,3,5,1,3
8064,633,0,5,1,3,2,4,3,2,3,2,5
8065,633,1,3,2,4,3,4,1,2,2,4,5
8066,633,0,5,0,3,5,4,4,1,5,2,3
8067,633,0,7,1,4,4,5,2,2,3,2,5
8068,633,1,4,1,3,2,4,4,1,2,1,5
8069,633,0,6,3,3,1,5,2,1,5,1,5
8070,633,0,6,2,2,1,5,2,1,5,4,4
8071,633,0,6,2,3,4,5,3,1,3,5,4
8072,633,0,6,2,3,1,4,4,4,5,4,4
8073,633,1,4,0,3,5,4,5,5,3,2,4
8074,633,0,5,1,3,2,4,5,1,3,4,5
8075,633,0,6,0,5,3,4,4,2,4,3,5
8076,633,1,2,2,3,3,5,5,3,5,1,5
8077,633,0,7,2,5,3,5,5,2,1,2,5
8078,633,1,4,1,3,1,1,4,2,3,1,3
8079,633,0,5,1,1,4,2,5,2,5,2,5
8080,633,0,6,0,3,5,5,3,2,1,2,4
8081,633,0,5,1,3,2,5,4,3,1,2,5
8082,633,0,7,2,3,2,3,3,1,3,1,5
8083,633,0,7,0,3,2,5,2,2,5,4,4
8084,633,0,5,2,4,2,5,4,2,5,1,4
8085,633,0,5,1,4,1,4,4,2,5,1,5
8086,633,0,6,1,1,1,3,2,1,4,2,5
8087,633,0,7,1,3,3,5,5,4,3,2,5
8088,633,0,6,1,3,3,5,4,4,2,2,4
8089,633,1,4,3,3,1,5,4,4,1,2,2
8090,633,1,4,2,3,4,4,5,1,4,2,5
8091,633,1,3,0,3,1,5,1,1,4,3,5
8092,633,0,6,1,3,3,4,5,2,5,1,5
8093,633,0,6,1,4,1,4,3,1,2,5,5
8094,633,0,5,1,3,3,5,5,4,4,4,4
8095,633,0,6,0,3,3,4,5,1,4,1,3
8096,633,0,5,0,3,3,5,4,3,2,2,4
8097,633,0,5,2,3,5,5,4,2,5,3,3
8098,633,0,5,1,3,1,4,3,2,5,1,4
8099,633,1,2,1,3,4,4,1,1,5,1,4
8100,633,1,1,1,3,2,3,3,3,3,5,4
8101,633,0,7,2,3,4,2,4,1,5,4,5
8102,633,0,5,2,3,4,3,4,3,5,3,3
8103,633,1,4,3,5,4,3,5,2,5,2,3
8104,633,0,5,1,3,1,3,3,4,5,1,4
8105,633,0,5,1,5,4,5,3,3,3,2,5
8106,633,0,5,2,3,5,4,4,4,5,3,2
8107,633,1,4,2,3,2,3,4,2,4,2,5
8108,633,0,7,1,4,5,5,4,2,2,3,5
8109,633,0,5,0,3,2,5,3,1,4,3,3
8110,633,0,6,3,5,2,2,5,2,5,5,4
8111,633,0,6,2,4,2,3,3,1,3,1,4
8112,633,1,3,0,3,2,4,1,2,4,2,5
8113,633,1,4,1,3,4,2,5,2,5,3,1
8114,633,0,6,2,5,3,1,3,3,4,3,4
8115,633,0,5,2,4,1,5,5,2,2,2,3
8116,633,0,6,2,4,5,5,3,2,5,3,3
8117,633,0,7,4,3,1,3,3,1,3,2,3
8118,633,0,6,0,4,1,4,5,3,4,2,2
8119,633,0,5,1,3,5,5,1,1,4,3,4
8120,633,0,5,2,3,1,1,4,1,5,3,2
8121,633,1,1,1,3,3,3,4,2,1,2,1
8122,633,0,6,1,4,2,2,5,3,1,2,3
8123,633,0,5,1,4,5,3,4,4,5,2,1
8124,633,0,5,2,3,5,5,3,3,1,3,5
8125,633,0,6,1,4,3,4,4,5,1,5,5
8126,633,0,6,1,5,3,1,1,5,2,4,4
8127,633,1,4,0,3,1,4,5,2,3,4,2
8128,633,1,1,1,3,2,4,4,2,5,2,3
8129,633,0,5,2,3,2,5,4,2,4,1,3
8130,633,0,6,0,3,1,4,3,1,3,1,3
8131,633,0,6,2,3,1,2,5,2,1,2,5
8132,633,0,6,1,3,4,5,5,2,3,1,4
8133,633,0,6,0,3,3,5,2,2,3,4,3
8134,633,1,1,2,3,2,4,3,2,5,5,5
8135,633,0,6,0,3,3,4,1,3,5,2,3
8136,633,0,7,0,3,2,5,1,5,2,2,1
8137,633,1,2,1,3,2,5,4,2,2,3,2
8138,633,0,6,1,2,4,5,5,2,4,2,5
8139,633,0,5,1,3,1,5,2,5,5,2,3
8140,633,0,5,1,5,1,2,3,1,1,1,5
8141,633,0,5,0,3,3,4,1,1,3,1,2
8142,633,0,5,0,3,1,5,1,4,2,1,3
8143,633,0,6,1,2,1,1,5,1,4,2,4
8144,633,0,5,1,3,1,1,2,2,4,5,5
8145,633,0,7,0,2,4,5,5,4,4,1,3
8146,633,0,7,2,4,5,5,2,5,1,1,5
8147,633,0,6,2,3,3,2,1,2,4,2,4
8148,633,1,3,2,4,1,5,5,1,3,2,4
8149,633,0,5,2,4,3,5,3,1,4,3,1
8150,633,0,6,2,3,4,5,4,2,5,1,4
8151,633,0,5,2,4,3,5,4,1,5,1,5
8152,633,1,4,2,5,3,4,4,2,3,2,1
8153,633,0,5,0,4,5,3,3,4,4,1,2
8154,633,0,6,1,3,4,2,4,5,4,1,4
8155,633,0,6,1,4,1,4,3,1,3,3,1
8156,633,1,1,0,2,1,4,4,2,4,3,5
8157,633,0,6,0,4,2,3,4,2,3,1,4
8158,633,0,6,2,3,3,5,5,3,4,2,4
8159,633,0,6,3,3,3,2,5,4,4,2,5
8160,633,1,1,2,5,4,3,3,3,4,4,4
8161,633,1,3,2,3,1,5,5,5,5,1,3
8162,633,0,5,1,3,3,1,4,1,3,1,2
8163,633,0,5,3,4,2,3,5,4,4,2,3
8164,633,1,4,3,3,3,4,4,4,3,1,5
8165,633,1,2,1,3,1,5,3,1,5,2,4
8166,633,1,3,1,3,2,4,3,5,4,2,4
8167,633,0,6,1,4,1,4,4,5,5,1,5
8168,633,0,5,1,4,1,5,5,1,4,2,2
8169,633,0,6,0,3,2,3,4,2,3,2,3
8170,633,0,6,1,2,4,1,5,2,1,2,5
8171,633,0,6,2,2,2,3,5,1,2,3,4
8172,633,1,4,1,3,1,5,2,2,4,1,4
8173,633,0,6,1,4,2,4,2,2,3,2,3
8174,633,0,5,1,4,1,1,5,5,3,1,5
8175,633,0,6,0,3,2,4,1,2,3,2,5
8176,633,1,1,1,3,1,4,5,4,3,2,3
8177,633,0,7,0,3,1,3,5,2,1,1,1
8178,633,0,5,1,3,4,5,4,2,1,4,4
8179,633,0,6,0,3,2,1,4,2,3,2,5
8180,633,0,7,0,3,5,1,4,1,3,1,4
8181,633,0,6,0,3,2,3,4,1,5,5,5
8182,633,0,7,0,3,2,1,1,1,4,5,3
8183,633,1,4,1,3,1,5,4,3,3,5,3
8184,633,0,6,1,4,2,5,3,3,2,2,5
8185,633,1,4,1,5,4,5,2,1,2,1,4
8186,633,1,1,1,3,4,4,4,1,2,2,1
8187,633,0,5,2,3,5,5,5,1,3,1,4
8188,633,0,7,1,3,1,3,5,1,4,2,4
8189,633,0,6,2,5,2,4,1,3,4,3,5
8190,633,0,5,0,3,5,1,3,4,4,1,5
8191,633,0,5,2,5,2,5,3,1,2,1,3
8192,633,0,6,0,3,2,5,3,1,3,2,4
8193,633,0,5,0,3,4,3,4,2,2,2,4
8194,633,0,6,0,3,5,4,4,2,4,2,4
8195,633,0,5,1,3,2,4,4,1,3,4,4
8196,633,0,5,0,3,3,2,4,1,4,5,5
8197,633,0,6,1,4,2,1,3,2,2,5,5
8198,633,1,1,2,4,2,3,5,2,4,1,5
8199,633,0,7,0,4,1,4,4,1,2,2,5
8200,633,0,6,2,3,1,3,1,5,4,5,5
8201,633,0,5,1,4,1,4,3,2,4,2,5
8202,633,1,4,0,3,2,4,5,1,5,1,4
8203,633,0,5,1,3,2,4,5,2,2,3,4
8204,633,0,5,1,4,1,1,4,5,3,4,2
8205,633,0,6,3,5,1,5,1,3,5,2,4
8206,633,1,4,0,2,4,5,3,5,4,2,1
8207,633,0,7,1,3,5,3,3,2,5,3,4
8208,633,1,2,1,3,4,5,4,2,5,4,4
8209,633,0,6,1,3,2,2,4,1,4,1,3
8210,633,0,7,2,5,1,5,5,5,2,1,2
8211,633,1,4,2,2,2,4,5,1,5,4,2
8212,633,0,7,0,3,3,4,4,2,4,1,4
8213,633,1,3,2,3,2,4,3,1,5,1,5
8214,633,1,1,1,4,1,5,5,2,3,3,2
8215,633,0,5,1,3,1,4,4,2,5,3,5
8216,633,0,5,1,3,3,1,4,4,3,3,3
8217,633,0,6,0,4,2,4,3,2,3,2,4
8218,633,0,6,1,3,4,5,4,1,3,3,5
8219,633,0,5,0,5,1,1,5,2,2,3,4
8220,633,1,4,2,3,3,4,5,5,5,4,4
8221,633,0,5,2,2,2,4,4,4,2,3,5
8222,633,0,5,0,3,1,4,1,2,1,3,5
8223,633,1,4,1,4,1,4,5,1,5,2,2
8224,633,0,7,2,3,5,1,3,2,2,2,4
8225,633,0,6,2,4,1,3,5,1,3,3,5
8226,633,0,6,0,3,2,5,4,2,4,1,3
8227,633,0,6,1,3,1,4,4,2,3,2,3
8228,633,0,5,2,3,2,1,5,3,4,1,2
8229,633,0,7,2,3,1,5,3,1,5,3,2
8230,633,0,5,0,3,1,5,4,4,5,4,3
8231,633,0,5,1,3,1,5,5,2,4,1,2
8232,633,1,3,1,5,2,5,4,3,4,4,5
8233,633,0,6,1,3,5,5,5,5,4,5,3
8234,633,0,6,3,3,2,2,5,1,2,3,5
8235,633,0,7,3,3,1,5,5,1,5,1,1
8236,633,0,7,1,3,2,5,3,1,5,1,5
8237,633,0,6,0,3,2,5,5,5,3,1,4
8238,633,1,4,1,3,1,3,4,2,5,2,4
8239,633,0,5,1,3,1,5,1,3,5,5,2
8240,633,0,5,0,3,1,3,5,2,2,2,5
8241,633,1,4,1,3,3,4,3,1,5,1,1
8242,633,0,7,0,3,2,3,4,2,4,2,5
8243,633,0,5,2,3,5,5,2,1,5,2,5
8244,633,0,5,2,3,1,4,2,3,1,1,4
8245,633,1,4,2,3,5,5,3,1,3,1,5
8246,633,0,5,1,3,2,5,5,3,1,2,4
8247,633,0,6,1,4,5,4,5,2,3,3,5
8248,633,0,5,3,3,4,1,4,3,4,1,4
8249,633,0,7,1,3,2,5,1,4,5,5,4
8250,633,0,5,0,3,4,5,4,1,3,5,3
8251,633,0,5,1,3,2,4,1,1,5,2,1
8252,633,0,5,1,3,4,5,3,3,3,1,4
8253,633,1,4,0,3,4,2,5,4,4,2,5
8254,633,0,6,1,3,1,4,5,4,3,2,4
8255,633,0,6,0,3,1,5,2,1,3,2,3
8256,633,0,6,1,4,2,4,1,2,2,1,2
8257,633,0,7,2,3,2,4,5,1,5,1,5
8258,633,0,5,2,3,1,4,4,4,2,2,1
8259,633,1,4,0,3,5,4,3,1,4,1,3
8260,633,0,5,2,4,1,5,5,1,4,2,4
8261,633,1,4,1,3,5,4,2,2,5,1,4
8262,633,0,5,2,3,2,4,1,1,3,1,4
8263,633,1,4,2,3,2,3,5,1,4,2,3
8264,633,0,6,0,3,1,4,5,1,5,2,5
8265,633,1,2,1,3,1,2,5,2,3,2,4
8266,633,0,6,1,3,1,5,5,4,4,1,5
8267,633,1,3,1,3,1,3,1,2,4,1,4
8268,633,0,5,3,4,2,3,5,2,2,2,4
8269,633,0,6,0,3,2,4,5,2,1,3,1
8270,633,1,3,2,3,1,3,3,2,2,4,3
8271,633,0,5,2,3,2,2,2,1,5,5,2
8272,633,1,4,1,3,1,2,2,1,5,5,4
8273,633,0,6,1,3,5,5,1,1,2,1,4
8274,633,0,6,1,5,5,3,4,5,5,5,5
8275,633,0,5,2,3,5,4,4,2,5,3,3
8276,633,0,6,3,3,1,3,4,2,3,2,4
8277,633,0,5,3,2,1,4,1,5,1,1,5
8278,633,0,7,2,3,1,1,4,1,5,4,4
8279,633,0,5,2,3,1,4,5,1,4,2,5
8280,633,0,6,1,4,2,5,1,1,5,5,2
8281,633,1,1,0,3,2,5,4,3,4,2,4
8282,633,1,4,0,3,1,5,3,3,2,2,3
8283,633,0,6,1,3,4,5,5,2,4,2,5
8284,633,1,3,1,4,2,3,4,1,5,5,3
8285,633,0,6,1,4,4,5,3,3,4,1,5
8286,633,0,5,1,3,5,3,4,2,2,1,4
8287,633,0,5,1,4,1,1,4,2,2,4,3
8288,633,0,6,0,3,2,3,4,1,3,2,4
8289,633,1,4,3,3,2,5,4,2,5,3,5
8290,633,1,2,3,3,1,4,5,1,2,3,5
8291,633,0,7,0,4,2,1,2,1,2,1,4
8292,633,0,6,0,3,5,4,4,1,3,4,4
8293,633,1,4,1,5,5,4,3,1,5,2,5
8294,633,0,6,1,3,4,5,1,2,3,5,4
8295,633,0,5,1,3,2,4,4,4,2,4,5
8296,633,0,5,0,3,1,4,4,3,3,3,5
8297,633,0,5,2,3,1,4,1,1,1,1,5
8298,633,0,6,1,3,1,4,5,1,3,5,3
8299,633,0,6,0,5,1,4,4,2,3,3,4
8300,633,0,6,0,3,2,2,3,1,5,1,2
8301,633,0,6,1,3,5,1,4,1,5,2,3
8302,633,0,5,1,5,1,4,3,2,3,2,3
8303,633,0,7,0,5,4,5,1,3,4,1,3
8304,633,1,3,0,5,2,4,3,1,4,2,4
8305,633,0,5,1,3,1,5,2,2,4,3,3
8306,633,1,2,1,3,3,5,2,1,4,5,5
8307,633,0,5,3,3,5,5,4,5,4,5,4
8308,633,0,7,0,5,5,3,1,2,1,2,3
8309,633,0,6,1,5,5,3,3,2,5,2,5
8310,633,0,5,0,4,2,5,5,2,1,3,5
8311,633,0,7,0,3,1,2,3,4,3,2,3
8312,633,1,4,2,4,1,2,5,3,5,5,3
8313,633,0,7,1,3,3,5,5,1,4,1,4
8314,633,1,4,0,4,5,2,5,4,5,1,5
8315,633,0,5,0,3,3,3,4,1,3,1,1
8316,633,0,6,1,3,3,4,4,1,1,1,5
8317,633,0,6,2,3,1,5,3,5,5,1,4
8318,633,0,6,1,5,4,1,5,4,3,2,2
8319,633,0,6,1,3,1,2,3,1,3,1,5
8320,633,0,6,1,3,3,5,3,1,5,3,3
8321,633,1,2,1,3,4,5,4,1,4,5,5
8322,633,1,4,3,3,4,2,5,1,4,4,4
8323,633,0,7,1,4,2,5,3,1,5,4,4
8324,633,1,4,1,3,1,1,3,5,2,4,4
8325,633,0,5,1,3,3,4,4,2,3,1,2
8326,633,1,4,0,3,4,5,3,1,2,1,3
8327,633,0,6,2,4,4,2,4,2,2,2,5
8328,633,0,6,0,4,3,5,1,5,1,1,5
8329,633,0,6,1,3,4,5,1,3,2,1,5
8330,633,0,6,2,3,4,5,3,1,4,1,4
8331,633,1,2,0,3,5,1,5,1,3,1,1
8332,633,0,7,2,3,1,5,4,1,5,2,5
8333,633,0,6,1,4,1,3,4,2,3,1,3
8334,633,1,3,2,3,2,4,2,2,5,1,3
8335,633,1,4,1,3,5,5,1,3,5,1,4
8336,633,0,5,1,3,1,5,4,1,4,1,5
8337,633,0,5,1,4,2,5,4,4,4,5,4
8338,633,0,6,1,3,2,4,2,5,2,1,1
8339,633,1,3,4,4,3,5,3,2,5,3,2
8340,633,1,4,1,4,2,5,2,1,1,2,3
8341,633,1,3,0,5,1,2,5,1,3,2,4
8342,633,0,6,0,4,1,3,5,2,2,2,5
8343,633,0,5,1,3,5,4,4,2,5,3,4
8344,633,0,5,0,1,2,5,3,1,2,1,5
8345,633,1,4,3,3,3,4,3,1,1,3,3
8346,633,0,6,1,5,2,4,4,2,5,2,5
8347,633,0,5,1,3,5,2,4,3,5,5,4
8348,633,1,3,1,3,3,5,3,2,1,4,5
8349,633,0,6,0,5,2,5,3,5,4,1,2
8350,633,0,5,2,3,3,5,5,3,2,2,5
8351,633,0,5,0,4,3,5,1,1,2,2,3
8352,633,0,5,2,3,1,4,4,1,4,1,3
8353,633,1,2,0,3,5,5,5,2,1,4,5
8354,633,1,1,0,3,5,4,3,5,3,2,5
8355,633,1,2,2,3,5,5,4,1,1,4,5
8356,633,0,6,1,3,2,5,2,4,5,1,4
8357,633,0,7,2,3,1,2,4,1,5,2,4
8358,633,0,6,2,3,1,5,2,2,2,2,3
8359,633,0,6,2,3,3,4,1,4,5,1,1
8360,633,0,6,0,3,1,4,4,2,2,5,2
8361,633,0,5,0,4,1,3,2,2,5,4,5
8362,633,0,6,1,3,2,5,4,1,4,2,5
8363,633,1,4,2,3,1,5,4,2,5,3,4
8364,633,0,6,2,3,1,5,2,2,4,1,5
8365,633,0,5,0,3,2,5,1,2,4,5,4
8366,633,0,6,0,4,1,2,4,5,4,5,5
8367,633,0,6,1,3,3,3,2,3,3,2,5
8368,633,0,6,0,4,3,4,3,3,3,4,3
8369,633,0,6,1,3,2,5,4,3,2,2,3
8370,633,0,7,0,3,2,3,5,1,4,3,5
8371,633,1,4,0,3,4,4,2,4,4,2,4
8372,633,0,7,0,4,5,1,5,2,5,1,5
8373,633,1,2,1,4,2,4,1,2,4,1,2
8374,633,1,1,3,4,5,3,4,3,5,1,5
8375,633,0,5,2,3,2,4,3,2,3,3,1
8376,633,0,5,1,5,4,2,5,3,5,3,5
8377,633,0,5,3,3,1,3,4,3,4,2,5
8378,633,0,7,1,4,1,3,4,2,2,3,5
8379,633,0,6,2,3,5,4,4,3,3,2,5
8380,633,0,5,0,3,3,2,4,2,2,3,2
8381,633,0,6,1,3,1,4,3,1,4,1,1
8382,633,0,5,1,3,4,3,4,3,5,1,3
8383,633,1,3,1,3,1,3,3,2,2,1,4
8384,633,1,3,1,3,5,3,3,1,3,1,4
8385,633,0,5,0,3,1,3,3,2,2,4,2
8386,633,0,6,1,3,1,1,4,1,4,1,5
8387,633,0,6,0,3,3,2,4,4,1,1,5
8388,633,0,5,4,4,1,5,1,4,5,1,5
8389,633,0,6,1,3,2,5,2,1,4,1,5
8390,633,0,6,1,4,2,1,4,1,4,1,3
8391,633,0,5,2,4,3,5,1,2,5,4,2
8392,633,1,4,0,3,3,4,5,2,4,2,5
8393,633,0,6,1,3,5,5,4,3,3,1,4
8394,633,0,5,2,3,5,4,4,2,4,1,5
8395,633,0,5,2,5,4,4,5,2,4,2,3
8396,633,0,7,2,3,3,5,3,1,5,3,3
8397,633,0,5,1,3,1,1,5,5,2,2,4
8398,633,0,6,1,3,1,3,4,3,3,1,5
8399,633,0,7,1,2,1,5,1,4,5,4,5
8400,633,0,6,0,3,4,4,5,1,3,2,5
8401,633,0,5,0,3,4,2,2,1,3,2,5
8402,633,0,6,1,4,1,4,5,2,1,3,5
8403,633,0,6,1,1,1,5,3,2,5,4,3
8404,633,0,7,1,3,2,4,1,1,3,2,3
8405,633,0,6,2,3,2,4,5,2,5,1,5
8406,633,0,7,0,5,1,5,4,4,3,1,3
8407,633,1,4,3,3,4,5,3,5,2,3,5
8408,633,0,6,1,3,2,4,5,3,4,4,5
8409,633,1,2,1,1,2,4,3,4,4,4,1
8410,633,0,6,1,3,1,5,2,2,2,2,4
8411,633,0,7,2,3,1,4,4,3,3,5,4
8412,633,0,7,0,4,2,4,3,2,4,1,2
8413,633,0,6,0,3,1,4,3,1,4,1,1
8414,633,0,5,1,4,5,5,3,4,2,4,5
8415,633,0,6,1,3,3,4,2,5,3,1,5
8416,633,1,4,1,3,2,2,2,1,4,1,4
8417,633,0,5,1,3,1,4,5,1,5,1,4
8418,633,0,6,1,3,3,2,4,3,5,4,3
8419,633,0,7,1,3,1,5,1,1,5,2,3
8420,633,0,5,1,3,3,5,4,3,3,5,4
8421,633,0,6,4,3,1,5,4,1,3,4,5
8422,633,0,6,0,3,2,2,5,5,4,2,5
8423,633,1,1,0,3,1,5,4,1,4,1,5
8424,633,1,4,4,3,2,2,1,2,4,3,5
8425,633,0,7,2,4,2,3,3,1,3,1,2
8426,633,0,5,2,3,4,2,4,1,2,5,5
8427,633,1,4,2,3,3,1,4,3,2,1,2
8428,633,0,6,1,4,1,3,3,5,5,4,4
8429,633,0,7,2,5,2,2,4,2,1,1,2
8430,633,0,7,1,4,2,4,4,1,2,1,5
8431,633,0,6,1,5,4,4,2,1,3,5,5
8432,633,0,5,2,3,4,5,5,2,2,4,2
8433,633,0,5,0,4,3,5,4,5,4,3,3
8434,633,1,4,1,3,1,4,3,3,5,3,1
8435,633,0,6,1,3,5,4,2,3,4,2,5
8436,633,0,5,0,3,2,5,2,1,4,1,4
8437,633,1,1,0,3,5,1,3,2,1,1,4
8438,633,0,6,1,3,3,4,5,5,5,3,2
8439,633,0,7,3,3,5,3,4,1,4,4,2
8440,633,1,2,0,4,5,4,3,1,1,2,3
8441,633,0,6,1,3,2,5,5,2,4,4,4
8442,633,0,6,2,3,1,5,3,2,2,2,4
8443,633,1,4,2,3,3,5,4,2,1,2,2
8444,633,0,5,1,3,3,2,3,1,2,2,3
8445,633,0,5,2,3,2,1,4,1,1,2,1
8446,633,0,7,1,3,5,2,3,2,4,2,3
8447,633,0,5,0,4,3,5,3,3,3,1,4
8448,633,0,6,0,5,2,1,5,3,5,3,1
8449,633,0,5,1,4,1,3,5,5,2,2,4
8450,633,0,5,1,4,2,5,1,1,2,1,2
8451,633,0,6,2,3,4,4,4,5,4,1,5
8452,633,1,2,2,3,5,1,3,1,2,1,3
8453,633,0,6,2,2,4,4,1,5,5,5,5
8454,633,1,2,1,3,1,3,4,1,4,2,5
8455,633,0,6,0,3,1,4,5,3,2,4,5
8456,633,0,6,1,3,4,4,4,1,4,4,5
8457,633,0,7,0,3,2,5,3,2,4,5,2
8458,633,0,6,1,3,2,4,4,4,4,1,3
8459,633,1,4,1,5,1,2,3,3,3,2,4
8460,633,0,6,0,3,1,5,4,1,5,2,3
8461,633,0,6,1,4,4,5,1,1,5,1,4
8462,633,0,5,2,4,4,5,4,2,4,2,3
8463,633,0,5,2,3,3,4,4,3,4,3,5
8464,633,0,7,0,4,4,2,4,2,4,1,2
8465,633,1,2,3,4,1,5,4,2,5,1,4
8466,633,0,6,1,3,2,5,1,2,2,3,5
8467,633,0,5,1,3,3,2,5,1,4,1,4
8468,633,0,6,0,3,2,2,4,2,3,2,5
8469,633,0,5,1,3,2,4,2,4,5,5,3
8470,633,0,6,0,3,1,1,3,1,4,1,1
8471,633,0,7,3,3,2,5,4,1,4,3,4
8472,633,1,2,2,5,1,1,3,1,5,3,4
8473,633,0,6,2,3,4,4,4,2,4,1,4
8474,633,0,5,0,3,1,4,4,1,4,3,5
8475,633,0,6,0,5,1,4,3,1,3,1,5
8476,633,0,6,1,3,4,3,1,1,5,5,1
8477,633,1,4,2,3,1,5,5,1,3,5,4
8478,633,0,6,0,4,1,4,3,2,5,1,3
8479,633,0,5,0,3,5,4,4,2,4,2,4
8480,633,0,6,0,3,5,2,5,3,4,2,4
8481,633,0,7,1,3,3,1,5,1,2,1,3
8482,633,0,5,2,4,5,4,1,2,2,3,4
8483,633,0,6,2,4,1,4,5,2,2,4,2
8484,633,0,7,1,3,5,3,4,1,3,1,4
8485,633,0,7,0,5,2,1,4,2,5,4,4
8486,633,1,4,3,3,5,1,4,4,5,1,5
8487,633,0,6,1,3,2,4,3,1,5,2,5
8488,633,0,6,2,3,4,5,5,4,5,5,3
8489,633,0,5,0,5,1,4,5,4,4,1,5
8490,633,0,5,2,3,4,5,2,1,2,2,3
8491,633,0,5,2,3,3,4,3,2,3,2,4
8492,633,0,5,0,3,3,2,5,1,5,2,3
8493,633,0,5,0,3,1,2,5,1,4,4,3
8494,633,1,4,1,3,1,5,5,5,2,2,4
8495,633,0,6,1,4,3,4,2,5,5,5,4
8496,633,0,7,3,3,2,5,3,1,2,5,4
8497,633,0,6,1,3,1,1,4,2,2,3,1
8498,633,0,6,3,2,2,3,5,2,5,2,3
8499,633,0,6,1,3,3,5,5,1,4,5,4
13600,974,1,3,0,3,2,5,4,4,5,3,5
13601,974,0,6,2,3,4,1,4,4,3,5,4
13602,974,1,1,3,3,1,4,3,2,5,2,4
13603,974,0,6,1,3,1,4,4,4,2,5,5
13604,974,0,6,0,3,3,4,5,1,3,1,3
13605,974,1,4,0,4,4,4,4,5,5,1,4
13606,974,1,4,1,3,2,5,4,1,4,5,4
13607,974,1,4,0,4,2,5,5,2,5,4,5
13608,974,0,5,1,3,4,1,4,1,5,4,3
13609,974,0,6,1,3,3,3,5,2,4,5,3
13610,974,0,7,2,3,4,2,4,1,4,1,1
13611,974,0,6,0,3,1,5,1,1,5,4,5
13612,974,0,6,1,4,5,4,4,1,4,2,3
13613,974,0,6,2,4,1,1,3,2,5,2,5
13614,974,0,5,1,3,1,5,5,1,4,1,4
13615,974,0,6,1,4,2,3,4,2,3,4,5
13616,974,0,6,3,3,1,4,3,3,4,1,3
13617,974,0,6,1,4,2,4,4,1,4,2,5
13618,974,0,6,1,3,3,4,5,2,5,2,3
13619,974,0,5,1,4,3,4,4,1,4,1,5
13620,974,0,5,1,3,1,5,2,3,5,4,4
13621,974,0,5,2,3,3,4,5,4,5,1,5
13622,974,0,6,1,4,4,1,2,1,1,2,3
13623,974,0,6,1,3,3,3,5,4,1,1,5
13624,974,0,5,2,5,3,4,1,1,2,2,5
13625,974,0,6,0,3,3,4,5,3,2,1,5
13626,974,0,7,2,3,5,3,4,2,5,1,3
13627,974,0,7,0,3,3,4,5,5,4,3,1
13628,974,0,5,0,3,2,3,5,1,3,4,2
13629,974,1,4,2,4,4,5,4,2,1,3,5
13630,974,1,4,1,4,4,4,5,2,5,2,4
13631,974,1,4,1,3,2,5,2,3,4,4,5
13632,974,1,2,2,3,1,3,1,2,3,5,5
13633,974,0,5,0,3,1,5,4,1,5,5,2
13634,974,0,5,0,3,1,1,1,1,4,4,1
13635,974,0,6,0,4,5,5,4,2,2,1,1
13636,974,0,5,1,3,3,3,5,3,4,2,4
13637,974,0,5,1,4,4,5,1,1,5,3,4
13638,974,0,6,0,5,4,1,5,2,5,1,2
13639,974,0,5,2,4,1,4,2,4,5,4,3
13640,974,0,6,1,3,1,2,4,1,3,1,5
13641,974,0,5,0,4,1,4,5,1,5,1,5
13642,974,1,4,0,3,5,5,4,3,3,4,4
13643,974,1,4,0,3,1,4,4,2,2,1,3
13644,974,1,4,0,3,1,5,5,1,2,2,2
13645,974,0,5,1,3,2,5,1,3,5,2,5
13646,974,1,3,1,3,2,3,4,3,3,1,4
13647,974,0,7,3,3,3,5,4,2,5,5,1
13648,974,0,7,2,2,2,5,3,1,1,4,4
13649,974,0,6,2,3,5,4,2,2,5,4,5
13650,974,0,6,1,4,5,1,3,2,5,4,5
13651,974,1,4,1,3,2,5,4,1,5,1,4
13652,974,0,5,1,1,1,2,5,3,5,3,5
13653,974,1,2,2,3,1,4,4,1,3,3,4
13654,974,0,5,3,4,4,3,4,4,4,1,5
13655,974,1,1,1,4,1,2,3,2,5,1,4
13656,974,0,6,0,3,2,5,2,2,2,4,5
13657,974,0,6,1,4,3,3,4,2,3,4,4
13658,974,0,7,2,3,2,5,4,3,1,3,1
13659,974,0,6,0,4,1,5,2,1,5,1,5
13660,974,0,6,0,4,2,4,4,1,1,4,4
13661,974,0,7,1,5,3,3,3,2,3,1,5
13662,974,0,6,2,3,5,3,5,2,5,2,3
13663,974,1,3,0,3,2,4,3,2,5,4,4
13664,974,0,6,2,3,1,3,4,2,5,1,5
13665,974,0,6,0,3,1,4,3,4,2,1,3
13666,974,0,6,0,3,2,5,4,3,1,4,5
13667,974,1,1,0,3,4,5,5,1,1,1,3
13668,974,0,7,1,2,3,4,4,1,5,4,5
13669,974,0,6,3,3,3,3,3,2,3,3,5
13670,974,0,6,2,4,3,5,5,3,3,2,5
13671,974,1,4,1,5,1,5,1,1,4,5,1
13672,974,1,2,0,3,5,5,3,3,1,1,3
13673,974,1,4,1,3,5,3,4,1,4,2,4
13674,974,1,1,1,3,1,4,4,3,2,2,3
13675,974,0,6,2,3,1,3,2,3,3,3,4
13676,974,0,6,1,3,1,3,4,4,3,1,4
13677,974,0,5,2,3,2,3,4,4,3,2,2
13678,974,0,6,0,3,4,4,2,5,2,1,5
13679,974,0,6,1,4,1,1,5,1,1,2,4
13680,974,1,2,2,3,1,5,1,1,3,3,4
13681,974,0,6,1,4,2,5,3,2,5,2,4
13682,974,0,5,1,4,1,1,4,1,4,1,2
13683,974,0,7,1,3,2,2,3,2,3,1,5
13684,974,0,5,0,3,2,1,1,1,4,2,3
13685,974,0,7,1,3,1,3,3,1,4,1,2
13686,974,0,5,0,3,1,2,5,5,4,4,1
13687,974,0,5,1,5,1,5,2,1,3,5,5
13688,974,0,6,1,3,2,5,3,1,1,3,5
13689,974,0,5,1,1,1,3,5,5,5,2,2
13690,974,1,4,0,2,4,3,4,2,2,3,4
13691,974,1,4,2,3,4,4,4,2,5,1,3
13692,974,0,5,0,4,1,5,1,2,1,2,4
13693,974,0,7,1,3,5,5,4,2,1,2,2
13694,974,0,5,0,3,2,5,5,2,3,1,3
13695,974,0,5,0,3,1,4,4,3,3,2,3
13696,974,0,7,2,3,1,5,3,3,3,3,5
13697,974,0,6,1,3,5,3,5,1,4,1,4
13698,974,1,3,1,1,4,4,3,1,3,4,5
13699,974,0,6,3,1,2,1,2,1,3,2,5
13700,974,0,6,2,4,1,4,3,2,4,3,4
13701,974,1,4,1,3,2,3,5,1,2,5,3
13702,974,0,5,0,3,1,3,4,2,2,5,5
13703,974,0,7,1,3,5,1,4,3,2,3,3
13704,974,0,7,1,4,1,3,1,1,5,5,3
13705,974,0,5,1,3,1,1,3,2,5,1,4
13706,974,0,6,2,2,1,4,1,1,1,1,3
13707,974,0,6,2,3,3,5,3,3,4,3,5
13708,974,0,7,1,2,5,5,2,2,4,2,2
13709,974,0,5,1,3,5,5,3,2,2,3,3
13710,974,1,4,0,4,3,3,5,3,4,3,5
13711,974,0,7,2,4,2,2,1,1,1,5,5
13712,974,0,6,0,3,4,3,1,5,2,1,5
13713,974,0,7,2,3,4,4,4,1,3,1,4
13714,974,0,7,2,3,3,5,5,2,4,2,4
13715,974,1,4,1,3,1,5,2,4,4,1,1
13716,974,1,3,2,3,4,3,5,1,5,3,4
13717,974,0,6,1,3,2,1,1,1,5,1,2
13718,974,0,6,3,3,1,5,5,2,3,1,3
13719,974,0,7,1,3,1,3,4,1,4,1,1
13720,974,1,3,1,2,3,5,1,2,4,2,5
13721,974,0,6,1,3,2,4,4,2,4,2,3
13722,974,0,7,1,3,1,5,3,3,4,1,4
13723,974,1,4,1,2,3,4,5,3,3,1,5
13724,974,0,6,1,3,1,4,5,5,4,2,3
13725,974,1,4,1,4,4,2,3,1,5,1,5
13726,974,0,6,0,3,1,4,3,2,5,1,4
13727,974,0,5,0,3,2,5,4,4,4,5,5
13728,974,0,7,3,3,1,5,4,1,4,1,5
13729,974,1,4,1,3,3,4,4,1,4,2,4
13730,974,0,7,2,3,1,5,3,1,4,2,3
13731,974,0,6,1,4,1,5,3,1,3,4,5
13732,974,0,6,2,3,2,4,5,5,5,3,4
13733,974,1,4,1,3,2,3,3,2,2,3,4
13734,974,0,7,3,3,4,4,2,1,4,2,3
13735,974,0,6,1,3,2,4,3,3,5,3,5
13736,974,0,5,1,4,3,5,5,5,1,1,5
13737,974,0,6,3,3,1,4,4,3,2,2,4
13738,974,0,6,3,4,1,4,1,1,4,4,1
13739,974,0,5,1,3,3,5,3,2,3,3,3
13740,974,1,4,1,3,4,5,5,2,1,4,3
13741,974,1,3,0,2,4,5,1,4,5,1,5
13742,974,1,4,2,3,2,2,5,2,5,2,1
13743,974,0,7,2,4,1,4,4,1,3,1,3
13744,974,0,6,3,3,1,5,5,4,3,1,3
13745,974,1,4,0,3,3,5,3,3,5,2,4
13746,974,0,6,2,3,3,5,2,1,5,3,1
13747,974,0,5,1,3,4,5,4,2,5,4,3
13748,974,0,5,1,3,4,3,1,2,5,2,4
13749,974,0,6,2,5,4,3,1,1,3,3,5
13750,974,0,5,0,3,1,3,4,1,4,1,4
13751,974,0,5,2,3,3,4,4,2,5,1,4
13752,974,0,6,0,3,4,4,2,1,3,2,5
13753,974,0,5,0,3,3,3,3,2,2,3,2
13754,974,1,4,0,5,2,3,2,2,3,2,4
13755,974,1,2,0,3,5,3,4,2,2,2,5
13756,974,1,2,0,3,3,4,5,2,4,2,1
13757,974,0,6,0,3,3,1,1,3,1,2,4
13758,974,0,5,1,4,2,4,5,3,4,3,4
13759,974,0,6,1,3,3,1,5,3,3,1,5
13760,974,1,4,1,1,1,4,3,3,3,3,5
13761,974,0,5,2,3,2,5,1,1,5,4,5
13762,974,1,4,2,3,3,2,4,1,5,2,4
13763,974,0,5,2,3,5,5,3,2,1,3,5
13764,974,0,5,0,3,4,2,4,1,4,2,5
13765,974,0,6,2,5,1,5,3,2,4,5,5
13766,974,0,6,1,3,3,4,1,3,3,1,4
13767,974,0,6,0,3,4,3,4,1,2,2,4
13768,974,0,6,4,5,2,5,3,2,5,1,4
13769,974,0,6,2,5,2,4,3,2,5,2,5
13770,974,0,7,1,3,4,5,4,1,2,4,4
13771,974,0,6,1,3,1,5,3,2,1,2,2
13772,974,0,6,0,3,5,5,5,4,4,5,4
13773,974,0,7,1,3,3,1,4,2,5,3,4
13774,974,0,7,1,3,1,4,3,2,4,4,3
13775,974,0,7,2,3,2,4,5,2,5,2,1
13776,974,1,3,3,5,1,4,1,2,4,4,5
13777,974,0,6,2,3,3,3,5,4,2,1,5
13778,974,1,1,1,3,1,5,5,5,3,2,5
13779,974,0,6,1,3,3,5,5,1,4,2,5
13780,974,0,6,0,3,5,3,5,4,4,3,5
13781,974,0,6,0,3,4,3,5,1,5,5,4
13782,974,1,4,2,3,1,5,3,2,3,2,5
13783,974,1,2,2,3,1,3,2,2,4,1,5
13784,974,1,4,1,3,2,2,3,2,5,1,3
13785,974,0,5,2,3,4,3,4,3,3,1,5
13786,974,0,6,1,3,4,5,4,3,3,1,5
13787,974,0,6,2,5,1,4,5,2,4,3,4
13788,974,1,4,2,3,2,4,3,2,2,1,2
13789,974,0,6,2,3,1,1,4,5,2,2,5
13790,974,0,5,2,3,4,1,4,2,4,2,3
13791,974,0,6,1,3,2,5,2,3,4,1,5
13792,974,0,6,0,3,5,4,3,3,5,1,2
13793,974,0,5,3,4,4,2,4,3,3,2,3
13794,974,0,6,1,4,1,5,3,4,5,1,5
13795,974,0,5,0,3,2,4,1,2,5,4,5
13796,974,0,6,0,3,4,1,1,1,4,2,5
13797,974,0,6,3,3,1,3,5,1,1,4,1
13798,974,0,6,2,3,4,5,3,3,1,1,2
13799,974,1,4,0,3,2,4,4,4,2,4,5
13800,974,0,5,0,3,2,4,5,1,2,2,5
13801,974,0,6,1,3,2,4,5,1,4,4,5
13802,974,0,5,2,4,2,2,3,1,1,4,3
13803,974,0,5,1,3,1,4,3,1,5,1,2
13804,974,0,6,0,3,3,4,4,1,1,1,3
13805,974,0,7,2,3,1,5,5,2,2,5,1
13806,974,0,5,1,3,5,5,4,3,5,2,2
13807,974,0,6,2,3,4,5,4,1,5,1,5
13808,974,0,7,2,3,5,5,4,1,3,3,4
13809,974,0,5,1,5,2,4,5,1,4,2,3
13810,974,0,5,1,3,3,2,4,4,4,5,5
13811,974,0,5,2,3,1,1,3,2,3,5,1
13812,974,0,6,1,2,1,2,5,1,3,1,4
13813,974,1,3,1,4,4,2,2,2,5,1,4
13814,974,0,5,2,3,1,5,5,5,3,3,3
13815,974,0,7,1,5,1,3,2,1,5,3,4
13816,974,0,5,0,3,1,5,4,1,3,1,1
13817,974,0,5,1,3,2,3,4,2,2,5,3
13818,974,0,6,3,3,4,5,3,1,4,1,3
13819,974,0,7,1,5,5,3,4,1,5,2,4
13820,974,0,6,2,3,5,5,4,1,3,1,2
13821,974,0,5,1,4,1,5,5,1,4,3,4
13822,974,0,5,1,3,1,5,4,5,4,3,3
13823,974,0,5,1,3,2,2,5,5,2,2,5
13824,974,0,6,0,4,5,1,1,2,5,2,5
13825,974,0,5,2,3,3,3,3,5,4,2,3
13826,974,0,5,0,3,3,3,5,3,2,1,4
13827,974,0,6,1,3,1,5,5,5,4,2,5
13828,974,0,7,1,3,4,5,3,1,4,3,4
13829,974,0,7,1,5,1,4,4,2,4,2,3
13830,974,0,5,0,3,1,1,4,1,1,5,5
13831,974,0,6,2,4,1,5,4,1,1,3,4
13832,974,1,4,0,3,3,5,2,3,4,2,3
13833,974,0,5,3,3,1,5,5,1,2,2,4
13834,974,0,6,0,2,5,4,5,1,4,1,3
13835,974,0,5,1,5,1,4,4,2,5,3,4
13836,974,1,4,0,3,5,5,2,2,5,5,4
13837,974,0,7,2,5,4,1,3,1,5,1,5
13838,974,1,3,0,3,2,4,2,1,5,2,4
13839,974,0,5,2,3,3,5,5,2,3,3,4
13840,974,1,1,2,5,1,5,2,2,4,2,1
13841,974,0,7,3,3,5,4,2,1,2,3,3
13842,974,0,6,1,3,4,5,1,5,5,3,2
13843,974,0,7,1,3,3,5,5,2,4,4,4
13844,974,0,6,1,3,1,3,3,1,5,3,4
13845,974,0,5,2,5,2,5,4,3,4,1,4
13846,974,0,6,2,3,5,4,3,1,5,1,4
13847,974,0,7,2,3,2,4,4,4,3,1,5
13848,974,0,6,0,3,5,5,4,3,3,4,5
13849,974,0,5,1,2,4,1,1,5,2,5,5
13850,974,0,6,3,3,1,2,4,1,4,1,4
13851,974,1,2,0,4,1,4,4,5,4,2,4
13852,974,0,6,1,5,1,3,5,4,5,1,1
13853,974,0,7,1,3,2,5,4,1,5,1,3
13854,974,1,3,1,3,4,3,4,5,2,3,4
13855,974,0,5,0,3,4,1,5,2,3,1,1
13856,974,0,6,1,3,2,4,3,2,5,1,3
13857,974,0,6,1,3,1,5,4,3,5,3,5
13858,974,0,5,1,3,5,3,5,2,1,4,4
13859,974,0,5,1,3,2,3,3,2,4,2,3
13860,974,1,2,1,3,5,4,1,1,2,5,5
13861,974,1,2,2,3,1,3,4,1,5,1,5
13862,974,1,4,1,3,4,1,1,1,4,5,3
13863,974,0,5,1,3,2,4,4,1,4,2,5
13864,974,1,1,2,4,1,5,5,2,2,3,5
13865,974,0,5,2,5,3,1,1,1,5,4,3
13866,974,0,6,1,5,1,4,5,3,5,1,4
13867,974,1,4,1,3,1,4,4,3,5,1,3
13868,974,0,6,0,3,2,3,4,5,5,2,5
13869,974,0,6,1,3,1,3,4,3,4,2,5
13870,974,0,6,2,3,1,4,3,2,4,1,4
13871,974,1,4,1,3,2,5,1,2,3,1,2
13872,974,0,6,1,3,2,5,4,3,4,3,3
13873,974,0,6,1,3,5,5,4,2,2,2,4
13874,974,0,5,1,3,3,2,4,1,5,2,5
13875,974,0,6,0,4,2,5,5,4,2,1,4
13876,974,1,4,1,5,4,2,4,3,4,1,5
13877,974,0,5,1,3,3,4,2,1,1,2,5
13878,974,1,4,1,4,1,4,5,2,4,4,3
13879,974,1,2,2,3,2,1,1,1,4,1,5
13880,974,0,6,1,3,1,3,5,2,3,2,3
13881,974,1,4,2,5,3,4,5,1,3,1,4
13882,974,1,4,0,3,1,4,3,3,4,1,4
13883,974,1,3,1,3,3,3,5,3,5,1,4
13884,974,0,5,1,4,2,5,2,1,3,5,4
13885,974,1,2,3,2,1,5,4,1,5,1,4
13886,974,0,5,2,4,5,5,5,2,5,2,1
13887,974,0,7,2,4,5,4,4,2,3,1,3
13888,974,1,1,1,5,1,2,4,2,2,2,5
13889,974,0,6,1,3,3,4,3,3,4,3,1
13890,974,0,5,0,3,2,5,2,4,3,3,5
13891,974,1,4,1,4,3,4,5,2,4,2,2
13892,974,1,1,2,3,1,4,5,5,4,5,5
13893,974,1,4,0,3,1,5,4,2,4,3,5
13894,974,0,7,3,3,3,1,4,1,4,1,4
13895,974,0,6,0,4,2,3,5,3,2,5,5
13896,974,1,2,2,4,2,2,5,5,4,1,2
13897,974,1,4,2,3,4,5,3,1,3,3,5
13898,974,1,4,1,3,5,4,5,1,4,1,5
13899,974,0,5,1,3,2,3,5,2,4,1,5
13900,974,0,5,1,4,1,3,3,3,2,1,3
13901,974,0,6,1,4,5,2,4,4,1,2,3
13902,974,0,5,1,3,2,4,2,3,4,3,5
13903,974,0,6,0,3,1,4,5,3,4,1,4
13904,974,0,7,2,3,1,1,3,3,3,1,5
13905,974,0,5,1,3,1,1,5,1,2,1,2
13906,974,0,5,2,4,2,3,2,2,4,2,1
13907,974,1,1,1,5,2,5,1,2,5,1,4
13908,974,0,6,1,3,2,4,1,1,4,2,2
13909,974,0,5,1,3,1,4,3,3,2,5,5
13910,974,1,1,0,3,1,5,5,1,1,2,4
13911,974,0,5,2,3,3,4,5,1,5,1,5
13912,974,0,6,0,5,1,5,2,3,4,5,5
13913,974,0,6,2,3,1,2,4,1,3,2,5
13914,974,0,7,0,4,3,4,5,3,5,2,4
13915,974,0,6,1,4,4,5,3,4,5,2,5
13916,974,1,4,3,3,1,4,1,1,4,1,4
13917,974,0,6,0,3,5,1,2,2,2,2,5
13918,974,0,7,0,4,1,5,3,3,3,2,4
13919,974,1,2,0,4,2,4,3,2,5,1,2
13920,974,1,1,2,3,1,5,4,4,3,2,4
13921,974,0,7,1,5,2,5,4,2,3,2,5
13922,974,0,6,0,5,2,5,4,5,4,2,4
13923,974,0,7,2,3,2,4,2,1,4,1,4
13924,974,0,7,2,4,2,5,5,1,5,2,3
13925,974,0,6,1,5,1,5,5,2,3,3,5
13926,974,0,5,0,3,4,5,4,2,5,1,5
13927,974,0,7,3,5,3,4,2,1,5,1,3
13928,974,1,2,0,3,3,4,1,1,1,1,3
13929,974,1,3,1,5,3,2,1,2,4,2,4
13930,974,0,6,2,5,2,4,2,1,4,1,2
13931,974,0,6,2,5,1,4,4,2,2,5,3
13932,974,0,5,0,3,3,4,5,2,4,2,5
13933,974,0,5,3,3,2,3,5,2,2,2,5
13934,974,0,7,2,4,3,4,4,4,4,1,4
13935,974,0,5,0,3,1,3,1,3,3,4,4
13936,974,0,6,2,4,1,1,5,1,1,4,4
13937,974,0,6,1,4,5,5,3,1,2,1,3
13938,974,0,5,1,5,1,4,5,1,3,1,5
13939,974,1,4,1,3,1,2,4,1,5,3,5
13940,974,1,4,1,3,3,4,5,1,3,5,1
13941,974,0,5,0,3,2,5,4,2,4,1,5
13942,974,1,3,1,3,5,4,4,2,4,4,1
13943,974,0,5,0,3,2,3,4,3,5,3,4
13944,974,0,5,2,3,3,4,5,3,4,4,5
13945,974,0,6,0,2,2,5,2,1,1,3,1
13946,974,0,7,0,3,1,5,5,3,2,2,5
13947,974,1,4,2,3,5,5,5,2,3,3,3
13948,974,1,1,1,3,1,4,5,2,4,1,1
13949,974,0,6,1,4,2,4,5,3,1,2,5
13950,974,0,5,3,3,2,5,4,3,5,2,5
13951,974,0,5,1,3,3,3,3,2,1,3,4
13952,974,1,4,2,5,3,3,2,2,3,3,4
13953,974,0,6,1,3,4,5,1,1,3,5,4
13954,974,0,7,1,3,2,5,2,2,3,2,5
13955,974,0,7,0,3,1,4,5,3,5,4,1
13956,974,0,5,2,5,2,3,4,2,2,2,4
13957,974,0,7,2,3,1,4,5,2,3,2,5
13958,974,0,5,2,3,4,5,5,1,3,2,1
13959,974,0,6,0,5,5,1,4,1,5,3,4
13960,974,0,7,1,4,1,5,5,4,3,2,5
13961,974,0,6,2,3,3,2,5,1,3,3,4
13962,974,0,5,1,3,5,3,4,1,4,2,2
13963,974,0,6,0,3,1,3,1,5,3,1,3
13964,974,0,5,1,3,2,4,4,3,5,2,4
13965,974,0,5,2,4,2,1,4,2,3,4,2
13966,974,0,5,0,3,2,4,1,1,4,1,5
13967,974,0,6,1,3,2,2,4,4,3,2,4
13968,974,0,6,0,3,1,3,5,1,5,4,2
13969,974,0,7,2,3,4,4,3,1,3,5,4
13970,974,0,7,1,3,3,5,2,3,4,1,4
13971,974,0,5,1,3,4,3,4,1,5,2,4
13972,974,0,7,2,4,3,5,4,2,4,5,5
13973,974,0,7,0,3,5,5,5,4,1,1,4
13974,974,0,5,1,3,2,3,5,4,5,2,2
13975,974,1,4,0,3,3,5,5,3,4,1,5
13976,974,1,4,0,5,2,4,4,3,4,1,4
13977,974,0,6,1,4,2,1,4,1,5,3,4
13978,974,1,3,1,4,5,5,2,2,3,2,2
13979,974,1,3,1,3,2,4,2,3,5,1,4
13980,974,0,6,1,4,4,1,3,2,3,1,5
13981,974,0,6,1,3,2,5,4,3,4,1,2
13982,974,0,6,0,3,1,5,4,2,3,2,5
13983,974,0,5,1,3,4,4,5,3,3,5,5
13984,974,0,5,0,3,4,4,2,4,4,1,5
13985,974,1,3,1,4,2,4,3,5,2,1,3
13986,974,0,6,1,5,3,5,4,5,4,2,5
13987,974,1,4,0,3,5,4,1,1,4,3,2
13988,974,0,6,3,4,2,3,3,1,5,2,4
13989,974,0,5,0,3,5,1,4,2,4,2,4
13990,974,0,5,1,3,1,5,5,3,4,1,3
13991,974,1,4,3,4,3,1,4,1,2,1,5
13992,974,1,4,2,3,5,5,4,2,1,4,5
13993,974,1,4,0,4,2,4,2,5,5,2,4
13994,974,1,4,1,3,2,4,3,1,4,1,3
13995,974,1,4,1,3,3,4,5,1,5,3,3
13996,974,1,4,0,3,2,2,3,3,4,3,5
13997,974,0,5,2,3,2,2,5,1,2,2,5
13998,974,0,5,2,3,3,4,3,3,3,2,2
13999,974,0,7,1,3,3,2,5,3,2,2,5
14000,974,0,5,0,5,4,5,4,2,1,2,4
14001,974,0,6,0,3,1,5,4,1,4,1,3
14002,974,0,5,1,5,3,3,2,1,4,2,3
14003,974,0,7,1,3,3,2,2,2,3,3,4
14004,974,1,4,1,3,3,5,4,2,2,1,5
14005,974,0,6,2,1,1,1,4,2,4,1,5
14006,974,0,5,0,3,2,5,5,3,3,3,4
14007,974,1,4,3,3,1,3,3,1,4,1,5
14008,974,0,6,1,3,5,5,4,1,5,2,4
14009,974,0,6,1,4,2,4,5,1,3,4,1
14010,974,0,7,1,4,4,5,4,3,2,3,4
14011,974,0,6,1,3,2,4,5,1,2,2,5
14012,974,1,1,0,3,3,1,1,1,4,3,3
14013,974,0,5,3,3,2,4,5,2,3,2,4
14014,974,0,6,1,3,5,5,5,1,4,3,1
14015,974,1,2,2,5,4,5,3,1,2,4,5
14016,974,0,6,1,3,3,4,4,3,5,3,5
14017,974,0,6,2,3,3,3,4,1,5,1,4
14018,974,1,4,2,3,2,4,5,3,3,1,4
14019,974,0,6,0,4,4,5,3,2,4,2,2
14020,974,0,7,0,4,2,5,4,1,3,2,3
14021,974,0,7,0,3,2,1,4,4,4,2,5
14022,974,0,5,0,3,1,3,4,3,5,4,2
14023,974,0,5,0,5,1,4,3,4,5,2,2
14024,974,0,5,0,4,2,4,4,2,5,4,3
14025,974,0,5,3,3,1,5,1,2,4,1,4
14026,974,0,5,0,3,1,4,3,2,4,5,1
14027,974,0,5,2,3,2,4,4,2,2,3,5
14028,974,0,5,0,3,1,4,4,1,3,2,4
14029,974,0,6,0,3,5,1,1,1,2,2,4
14030,974,0,7,1,3,1,5,4,4,5,4,5
14031,974,0,5,2,5,5,3,3,3,5,1,5
14032,974,0,7,1,3,2,3,3,1,4,2,4
14033,974,0,6,2,4,1,5,5,3,5,2,3
14034,974,0,7,1,3,2,5,5,2,5,3,5
14035,974,0,7,1,3,1,4,4,1,4,1,4
14036,974,0,6,0,4,3,2,2,1,5,2,1
14037,974,1,1,3,3,3,4,5,1,5,3,4
14038,974,0,5,2,3,3,4,5,4,5,1,3
14039,974,0,5,3,5,3,4,5,1,4,2,5
14040,974,1,4,2,5,1,4,4,4,2,3,3
14041,974,0,7,0,3,1,4,4,5,5,1,4
14042,974,0,5,1,3,1,5,4,2,3,3,5
14043,974,0,7,2,4,5,3,5,1,4,3,4
14044,974,0,6,1,3,1,5,5,1,4,2,2
14045,974,0,6,1,3,3,4,4,2,3,2,3
14046,974,0,6,0,5,3,3,4,1,3,5,3
14047,974,0,6,1,4,1,5,4,4,5,2,1
14048,974,0,6,2,3,2,5,3,1,3,2,1
14049,974,0,6,2,3,4,2,3,1,4,1,2
14050,974,0,7,2,3,1,4,1,2,4,2,2
14051,974,0,7,1,3,1,5,1,4,3,2,3
14052,974,1,2,0,4,1,2,5,2,1,2,5
14053,974,0,6,0,5,1,3,3,3,5,3,5
14054,974,1,4,1,3,5,5,4,2,3,2,5
14055,974,0,6,1,3,2,5,1,1,3,1,3
14056,974,1,1,0,3,1,1,4,1,4,3,3
14057,974,0,7,1,5,1,3,4,3,5,5,4
14058,974,0,5,2,3,1,4,3,3,5,2,4
14059,974,0,6,1,5,2,5,4,2,3,2,3
14060,974,0,6,1,4,3,5,5,1,4,5,3
14061,974,1,1,1,1,2,5,4,4,5,2,2
14062,974,0,5,2,3,1,4,4,1,2,2,2
14063,974,0,6,2,3,2,1,2,3,1,5,4
14064,974,1,3,1,3,1,5,5,5,5,4,5
14065,974,0,6,0,3,4,2,4,1,4,3,4
14066,974,0,5,2,3,3,3,3,1,1,2,2
14067,974,1,2,1,1,2,4,3,1,4,1,4
14068,974,0,7,3,5,1,5,1,2,5,2,5
14069,974,0,6,0,4,2,5,5,2,2,5,5
14070,974,0,5,0,4,1,4,4,4,2,2,4
14071,974,0,7,0,3,3,5,2,2,2,2,5
14072,974,0,7,2,3,1,2,5,2,5,1,1
14073,974,0,5,0,3,2,1,4,5,5,2,3
14074,974,0,7,1,3,2,5,5,3,4,4,5
14075,974,0,7,0,4,1,3,1,1,3,1,5
14076,974,0,7,1,4,4,3,4,4,2,2,3
14077,974,0,6,1,3,1,5,1,4,1,3,3
14078,974,0,6,1,4,2,5,1,1,3,1,4
14079,974,0,6,2,3,5,5,5,2,4,4,5
14080,974,0,7,1,3,1,5,2,1,2,2,3
14081,974,1,1,1,3,1,5,4,3,3,4,5
14082,974,0,6,0,5,5,4,4,1,4,1,5
14083,974,1,3,1,3,2,4,2,4,4,1,4
14084,974,0,5,2,2,1,4,5,2,4,3,3
14085,974,1,4,1,3,4,5,3,1,3,3,3
14086,974,1,1,0,4,3,5,5,3,1,2,5
14087,974,0,5,1,3,3,4,3,4,5,2,5
14088,974,0,6,0,3,3,1,2,1,1,1,3
14089,974,1,4,2,3,2,1,4,2,3,1,5
14090,974,0,5,1,5,1,4,5,1,1,1,4
14091,974,0,5,2,3,2,5,3,2,5,2,5
14092,974,0,5,2,3,2,5,4,2,3,4,1
14093,974,0,7,3,3,4,3,3,2,4,1,4
14094,974,0,6,1,3,3,5,5,5,1,2,5
14095,974,1,2,1,4,4,5,4,1,3,3,4
14096,974,0,7,2,3,3,3,5,1,2,2,5
14097,974,0,7,0,3,1,4,3,4,3,5,5
14098,974,0,7,1,3,2,5,5,4,2,1,5
14099,974,0,5,0,5,1,4,2,2,3,3,4
9400,344,0,5,2,2,4,2,1,2,3,5,3
9401,344,0,7,1,3,2,4,1,2,3,1,5
9402,344,0,7,1,3,2,5,3,2,4,5,3
9403,344,0,6,2,1,2,4,3,2,4,2,5
9404,344,0,5,1,4,2,5,4,1,4,2,5
9405,344,0,6,2,3,3,4,4,3,5,3,5
9406,344,1,4,2,2,1,4,3,3,5,5,5
9407,344,0,6,0,3,1,5,3,1,4,1,4
9408,344,1,4,2,3,1,5,4,2,3,3,4
9409,344,0,7,0,4,1,5,4,5,3,2,4
9410,344,1,3,0,3,4,1,1,1,2,2,3
9411,344,1,1,0,3,1,5,4,3,3,1,2
9412,344,0,7,1,3,3,5,4,1,4,1,4
9413,344,0,6,0,4,2,4,4,1,4,1,5
9414,344,0,6,0,4,3,5,1,4,4,2,5
9415,344,1,2,2,3,2,5,5,3,1,5,3
9416,344,0,7,1,3,1,3,2,2,5,2,4
9417,344,0,6,4,3,3,5,4,5,5,2,5
9418,344,1,3,1,3,5,5,4,3,4,1,5
9419,344,0,6,0,3,3,1,2,2,2,1,4
9420,344,0,6,2,3,1,3,4,5,5,1,4
9421,344,1,4,2,5,4,5,4,3,5,4,5
9422,344,0,6,2,4,1,4,4,5,5,1,5
9423,344,0,6,0,3,1,3,3,4,3,1,1
9424,344,0,7,0,4,2,3,5,1,5,3,3
9425,344,0,6,2,3,3,2,4,1,2,2,4
9426,344,0,5,3,3,5,4,4,4,4,5,5
9427,344,0,7,3,4,2,4,4,2,4,1,5
9428,344,0,6,3,4,5,3,5,2,5,2,2
9429,344,0,6,0,3,3,5,5,5,5,1,2
9430,344,0,6,4,3,2,3,3,2,5,2,4
9431,344,1,1,3,3,1,4,5,1,3,2,4
9432,344,0,6,0,3,1,3,3,1,4,1,4
9433,344,0,5,0,3,5,5,4,1,4,2,5
9434,344,0,6,1,3,3,3,5,2,3,2,5
9435,344,0,7,1,3,2,5,1,2,4,1,2
9436,344,0,6,1,4,3,5,5,2,4,2,4
9437,344,0,6,1,3,2,2,5,3,3,2,4
9438,344,0,5,0,4,5,3,2,2,5,4,4
9439,344,1,1,0,3,4,5,3,1,1,2,5
9440,344,1,2,2,3,5,4,5,1,4,2,4
9441,344,0,5,0,3,3,4,4,1,3,1,5
9442,344,0,6,1,4,3,3,4,2,5,2,4
9443,344,0,6,0,1,1,4,2,2,3,5,3
9444,344,0,6,2,3,1,4,4,2,4,1,5
9445,344,0,7,0,3,1,5,3,3,5,3,5
9446,344,0,5,0,3,2,3,4,4,4,1,5
9447,344,0,6,2,3,2,4,3,1,5,1,3
9448,344,0,6,1,4,2,2,5,1,5,4,4
9449,344,1,4,2,3,2,4,3,3,4,1,3
9450,344,1,4,1,3,2,2,3,2,3,4,5
9451,344,1,1,1,5,1,3,3,2,3,1,5
9452,344,0,7,1,4,3,4,5,1,3,3,5
9453,344,1,4,1,3,1,4,2,5,5,3,4
9454,344,0,7,2,3,1,4,5,1,2,5,5
9455,344,0,5,0,3,1,2,5,2,3,3,4
9456,344,0,5,2,3,4,3,3,1,1,1,4
9457,344,0,5,1,3,3,4,4,1,3,4,3
9458,344,0,6,1,4,3,3,4,1,3,1,4
9459,344,0,5,0,5,2,1,3,4,3,2,4
9460,344,1,4,0,5,5,5,2,2,4,3,4
9461,344,1,3,1,3,1,5,5,5,4,4,3
9462,344,0,5,1,3,4,4,1,1,4,4,2
9463,344,0,7,3,2,2,3,5,5,4,5,5
9464,344,0,6,1,4,1,2,5,3,3,1,5
9465,344,0,6,1,3,3,5,4,2,1,1,3
9466,344,0,6,3,3,3,3,3,1,3,2,5
9467,344,0,6,2,3,3,3,5,2,3,3,4
9468,344,0,7,0,3,1,4,1,2,2,1,1
9469,344,0,5,1,3,5,3,2,1,5,2,5
9470,344,0,5,2,3,5,5,5,4,2,1,4
9471,344,0,5,1,3,1,4,3,4,2,2,5
9472,344,0,5,2,3,1,5,1,1,2,3,5
9473,344,0,6,0,3,3,2,4,2,4,2,3
9474,344,1,4,1,4,4,3,1,1,4,2,4
9475,344,1,2,1,5,3,5,5,2,3,1,3
9476,344,1,4,0,4,1,4,4,1,5,3,4
9477,344,0,7,1,3,2,5,4,5,2,1,5
9478,344,1,3,1,3,2,1,5,1,2,2,4
9479,344,1,4,1,1,1,3,5,2,2,5,4
9480,344,0,6,1,3,2,5,3,2,4,5,1
9481,344,1,4,1,3,1,5,5,4,4,3,4
9482,344,0,6,3,3,2,4,4,4,5,2,3
9483,344,0,5,1,3,1,3,5,2,1,3,2
9484,344,0,6,2,3,1,5,5,3,2,4,5
9485,344,0,5,1,3,2,3,4,1,3,4,5
9486,344,0,6,0,3,2,2,5,1,4,4,1
9487,344,0,5,1,4,2,5,3,2,1,1,4
9488,344,0,6,1,3,3,4,3,3,3,3,2
9489,344,0,6,0,4,2,5,2,1,5,2,5
9490,344,1,3,0,3,1,5,5,1,4,1,4
9491,344,0,6,2,3,2,5,3,3,4,1,3
9492,344,0,5,0,4,4,5,4,2,2,1,5
9493,344,0,6,1,3,3,4,5,2,3,2,5
9494,344,0,7,3,5,3,1,4,2,1,1,5
9495,344,0,7,1,3,1,4,2,4,2,1,5
9496,344,1,4,2,3,2,4,5,2,2,1,4
9497,344,0,7,1,4,2,3,5,2,4,4,2
9498,344,0,5,2,3,2,4,2,1,1,4,5
9499,344,0,5,1,3,1,2,4,3,2,2,5
9500,344,0,6,2,3,5,4,4,3,5,5,4
9501,344,0,6,0,3,5,5,5,1,4,3,2
9502,344,0,5,0,3,1,1,2,1,4,2,5
9503,344,0,7,2,3,1,5,4,1,5,1,2
9504,344,0,5,3,3,2,3,2,2,2,2,4
9505,344,1,4,0,3,3,3,2,5,3,3,4
9506,344,0,6,0,4,1,4,3,1,2,1,4
9507,344,1,4,1,1,4,3,5,1,3,2,3
9508,344,0,7,1,3,1,4,3,2,2,1,5
9509,344,0,5,2,5,3,4,4,1,4,2,4
9510,344,0,5,0,3,2,4,5,1,4,2,3
9511,344,1,4,2,3,1,1,5,1,3,1,3
9512,344,0,5,0,5,5,5,5,3,3,1,3
9513,344,0,5,0,3,4,3,4,1,2,2,5
9514,344,0,5,0,4,1,5,4,1,3,1,3
9515,344,0,6,0,1,1,4,5,2,5,2,5
9516,344,0,6,1,3,1,1,3,2,4,1,3
9517,344,0,6,2,3,2,4,2,1,1,3,4
9518,344,0,6,1,3,4,5,1,2,2,3,2
9519,344,0,5,3,3,3,4,5,1,4,1,5
9520,344,0,6,3,3,4,1,4,2,2,4,5
9521,344,1,4,0,5,2,5,4,2,3,2,5
9522,344,0,5,2,3,2,4,5,2,3,5,2
9523,344,0,5,0,3,5,5,5,5,4,4,2
9524,344,0,7,3,4,1,4,4,3,4,2,3
9525,344,0,6,1,4,1,4,5,5,3,4,3
9526,344,0,6,1,3,4,3,2,2,5,4,5
9527,344,0,5,0,3,2,1,5,1,3,1,3
9528,344,1,3,2,5,1,5,4,3,3,2,3
9529,344,0,6,1,3,1,5,3,4,3,2,3
9530,344,0,6,1,3,4,4,4,2,3,3,5
9531,344,0,7,2,3,1,5,3,3,2,4,4
9532,344,0,5,1,3,1,5,4,3,3,3,4
9533,344,0,6,1,3,2,3,3,1,5,1,3
9534,344,0,5,0,3,4,4,5,2,3,5,2
9535,344,0,7,1,4,4,3,4,1,5,1,5
9536,344,0,5,0,5,1,5,1,3,3,1,3
9537,344,0,7,1,4,4,4,4,4,1,1,5
9538,344,0,7,1,3,3,1,2,2,4,1,5
9539,344,0,6,1,3,3,5,1,3,5,1,5
9540,344,0,5,1,3,3,5,5,2,5,1,4
9541,344,0,5,2,3,1,3,1,1,1,2,5
9542,344,0,7,0,3,3,4,4,2,5,5,3
9543,344,1,3,1,4,4,5,2,4,3,2,3
9544,344,1,2,1,5,1,5,5,1,4,1,4
9545,344,1,4,2,3,5,2,4,2,4,1,2
9546,344,0,6,0,4,2,3,2,2,4,1,1
9547,344,0,7,2,3,2,4,4,1,5,2,5
9548,344,1,1,1,3,1,1,3,1,3,4,4
9549,344,0,6,1,4,2,5,5,1,3,3,4
9550,344,1,4,0,5,1,5,5,5,4,2,5
9551,344,0,5,2,3,1,4,5,2,5,2,2
9552,344,0,6,2,5,1,5,5,1,3,3,5
9553,344,1,2,1,3,3,4,4,2,4,3,4
9554,344,0,6,1,4,1,1,4,5,1,1,5
9555,344,0,6,0,3,1,5,5,5,1,2,4
9556,344,1,4,1,4,1,2,4,3,2,1,5
9557,344,0,5,1,2,1,3,2,3,5,5,3
9558,344,0,5,1,4,4,5,3,1,5,1,4
9559,344,0,5,1,3,2,5,1,2,3,1,5
9560,344,0,5,0,4,4,5,3,1,4,2,3
9561,344,0,6,2,2,1,5,4,1,2,2,4
9562,344,0,7,2,3,2,5,4,4,3,1,4
9563,344,0,5,0,3,1,4,4,3,5,1,4
9564,344,1,4,1,5,1,3,5,2,1,4,5
9565,344,0,6,0,3,5,4,4,1,4,2,2
9566,344,0,6,2,3,1,5,4,1,2,1,4
9567,344,1,3,1,3,2,2,2,3,4,2,4
9568,344,1,4,0,5,2,2,5,2,2,2,3
9569,344,0,5,3,3,2,4,3,3,4,4,4
9570,344,0,6,0,4,1,1,1,3,3,1,4
9571,344,0,6,0,3,1,5,4,2,2,5,1
9572,344,0,5,3,3,1,5,1,5,2,1,4
9573,344,1,4,0,3,1,5,2,4,3,4,5
9574,344,0,6,2,3,2,5,4,1,5,1,4
9575,344,0,5,2,5,1,3,5,1,4,1,5
9576,344,0,6,1,3,4,5,1,2,4,1,3
9577,344,0,7,2,3,1,2,5,3,5,2,2
9578,344,0,6,1,5,2,5,4,2,4,5,5
9579,344,0,5,0,4,2,4,3,4,5,1,5
9580,344,0,7,0,1,1,3,4,1,5,5,5
9581,344,0,6,2,3,2,4,3,3,3,3,4
9582,344,0,5,3,3,2,3,5,2,5,2,5
9583,344,0,5,2,3,1,2,4,2,2,2,4
9584,344,1,4,0,3,2,5,3,1,2,1,5
9585,344,1,4,2,5,1,4,3,2,5,4,5
9586,344,0,5,2,2,1,5,3,3,5,1,5
9587,344,0,6,2,3,1,5,3,1,2,1,5
9588,344,1,4,0,5,3,1,3,3,5,5,3
9589,344,0,6,1,4,1,2,4,3,4,2,3
9590,344,0,5,0,3,2,3,3,1,5,1,1
9591,344,0,5,3,5,5,2,3,2,2,4,3
9592,344,0,6,2,3,1,1,4,2,2,1,4
9593,344,0,6,1,3,3,5,4,2,3,1,4
9594,344,1,3,0,3,2,5,1,5,4,1,1
9595,344,0,5,1,3,1,5,1,1,1,1,5
9596,344,0,5,1,5,4,4,2,3,4,1,3
9597,344,0,6,2,3,1,1,2,3,2,3,5
9598,344,0,6,1,4,1,4,2,4,5,1,4
9599,344,1,3,1,3,5,4,4,3,4,1,2
9600,344,0,5,1,5,5,1,4,1,1,1,3
9601,344,0,5,0,3,1,4,4,3,2,3,5
9602,344,1,2,0,4,2,5,3,3,3,3,3
9603,344,0,6,0,3,3,3,2,1,5,5,3
9604,344,1,3,1,3,2,4,2,1,2,1,2
9605,344,0,6,1,3,5,5,5,1,2,2,5
9606,344,0,6,1,4,4,3,1,2,3,4,3
9607,344,0,5,0,3,4,5,4,5,5,2,4
9608,344,0,5,3,3,1,3,2,2,1,3,4
9609,344,0,6,0,3,2,4,3,3,2,5,5
9610,344,0,6,1,3,1,3,2,1,5,1,4
9611,344,0,6,2,3,1,3,5,2,2,1,2
9612,344,1,1,2,3,2,3,4,3,4,2,4
9613,344,0,7,0,3,2,4,4,1,3,2,3
9614,344,0,5,1,4,1,4,4,2,2,1,5
9615,344,0,6,4,3,2,4,3,1,4,2,1
9616,344,1,2,1,5,2,5,1,3,3,4,4
9617,344,0,6,3,3,1,4,4,2,3,2,1
9618,344,0,6,1,4,2,4,1,2,5,1,1
9619,344,0,6,0,3,5,4,3,3,5,1,4
9620,344,0,7,2,3,2,2,3,2,3,4,5
9621,344,0,6,1,2,2,5,1,2,3,2,5
9622,344,0,6,0,4,3,5,4,4,4,1,4
9623,344,1,4,0,4,3,5,4,3,4,4,1
9624,344,0,7,0,3,1,4,5,1,5,4,2
9625,344,0,6,0,3,3,3,4,1,2,1,4
9626,344,0,7,2,3,4,2,5,1,4,1,1
9627,344,1,1,1,3,1,5,2,5,5,1,4
9628,344,0,5,0,3,2,3,5,3,4,2,2
9629,344,0,6,0,3,3,4,4,2,2,3,3
9630,344,0,6,1,3,4,4,4,3,4,5,2
9631,344,0,5,2,2,5,5,3,1,5,1,3
9632,344,0,5,1,3,3,5,4,3,5,1,4
9633,344,0,6,2,3,2,5,4,3,5,2,4
9634,344,0,6,2,3,4,4,3,3,1,1,3
9635,344,0,6,1,3,4,4,5,1,3,4,1
9636,344,0,7,2,5,2,4,4,3,4,2,5
9637,344,0,5,1,3,3,3,3,1,4,1,4
9638,344,0,6,1,3,1,4,2,2,3,1,4
9639,344,1,3,0,3,2,5,2,2,5,4,5
9640,344,0,6,1,4,2,4,4,2,4,4,5
9641,344,1,4,0,3,4,5,4,2,3,1,4
9642,344,0,7,0,3,2,5,5,1,2,2,5
9643,344,1,4,2,3,1,2,2,1,2,2,4
9644,344,0,6,0,4,1,5,4,1,3,1,2
9645,344,0,5,1,3,2,5,5,3,5,1,1
9646,344,0,5,0,5,2,5,3,4,2,1,2
9647,344,0,5,2,3,3,2,5,5,2,4,4
9648,344,0,6,1,3,3,4,3,2,3,1,3
9649,344,1,1,0,3,1,4,5,2,1,4,5
9650,344,0,5,3,1,1,5,4,4,4,3,2
9651,344,0,6,2,3,2,4,3,1,5,2,4
9652,344,0,5,2,3,1,5,1,1,3,3,5
9653,344,0,6,3,4,1,5,4,2,2,2,4
9654,344,0,7,1,4,1,1,3,2,2,4,1
9655,344,1,4,2,3,2,4,4,2,1,1,4
9656,344,0,5,0,3,4,4,4,2,2,1,3
9657,344,0,6,3,3,1,1,1,1,3,2,5
9658,344,0,6,0,5,1,1,4,2,3,1,5
9659,344,0,6,2,4,1,2,1,5,5,1,4
9660,344,0,6,1,5,3,5,4,4,5,2,4
9661,344,0,6,1,3,4,2,5,2,2,4,4
9662,344,0,7,2,3,4,3,3,1,2,2,2
9663,344,0,6,2,3,2,3,3,2,3,1,4
9664,344,0,5,1,3,2,5,4,3,3,2,4
9665,344,0,6,1,5,1,3,3,3,4,2,5
9666,344,0,7,1,4,1,4,4,1,5,2,2
9667,344,0,5,2,3,2,5,2,1,1,2,3
9668,344,1,1,3,4,3,4,5,3,3,3,4
9669,344,1,1,0,3,5,3,5,5,2,4,5
9670,344,1,1,0,3,3,5,3,5,5,3,3
9671,344,0,7,0,3,1,3,1,1,3,1,1
9672,344,0,5,1,3,2,4,4,2,4,2,4
9673,344,0,6,1,5,5,3,2,2,3,4,4
9674,344,0,7,0,3,4,4,5,5,4,5,4
9675,344,0,5,0,3,4,3,4,5,3,2,5
9676,344,0,5,2,5,1,3,1,4,3,1,3
9677,344,0,5,2,3,1,5,2,1,4,3,3
9678,344,1,4,2,5,1,5,2,1,4,2,2
9679,344,0,5,2,3,1,3,4,1,2,4,4
9680,344,0,7,2,3,1,3,2,3,4,2,5
9681,344,0,6,0,3,1,5,5,2,4,2,3
9682,344,1,4,1,4,1,4,3,4,1,1,5
9683,344,0,5,3,3,2,5,5,2,5,1,2
9684,344,1,1,3,3,4,4,5,1,5,4,4
9685,344,1,4,1,3,2,3,5,1,4,1,4
9686,344,0,5,2,3,1,4,5,1,5,2,4
9687,344,1,4,3,4,1,4,5,1,4,3,5
9688,344,0,7,1,3,4,4,5,5,5,3,4
9689,344,0,7,3,3,1,4,4,4,3,1,3
9690,344,0,5,1,3,4,1,4,2,3,2,5
9691,344,0,5,1,3,1,5,5,2,3,1,2
9692,344,0,5,1,4,2,3,5,1,2,2,4
9693,344,0,7,2,3,3,4,4,1,3,3,5
9694,344,0,6,1,3,2,5,3,3,5,1,2
9695,344,0,6,1,3,2,5,3,1,2,2,3
9696,344,1,2,1,3,5,5,4,2,2,2,5
9697,344,0,6,1,3,2,5,1,4,3,5,4
9698,344,0,7,1,2,2,5,3,3,3,3,5
9699,344,0,7,1,3,3,4,1,1,1,2,5
9700,344,0,5,1,3,5,5,4,3,4,3,5
9701,344,0,6,1,3,1,1,4,3,5,3,4
9702,344,0,5,2,3,1,4,5,5,1,3,5
9703,344,1,4,1,3,1,4,2,1,1,2,4
9704,344,0,6,1,3,2,1,5,4,4,2,5
9705,344,0,5,1,4,4,3,4,3,5,5,4
9706,344,0,6,1,3,5,3,2,2,5,2,2
9707,344,1,1,2,4,1,5,3,2,5,1,2
9708,344,0,6,2,3,1,4,2,1,1,4,5
9709,344,0,5,0,3,3,3,5,1,4,2,5
9710,344,1,4,2,3,1,4,5,2,4,1,3
9711,344,0,6,3,4,4,4,4,1,5,2,4
9712,344,0,7,2,3,1,5,4,2,2,4,3
9713,344,0,7,0,3,4,5,5,1,5,1,1
9714,344,0,5,2,5,2,1,2,3,5,2,3
9715,344,0,7,1,4,5,4,2,2,3,1,4
9716,344,1,2,1,3,3,4,3,2,5,1,4
9717,344,0,6,1,3,5,5,5,3,4,1,5
9718,344,1,4,0,3,3,1,1,3,2,1,3
9719,344,1,2,1,3,2,5,5,2,4,4,5
9720,344,0,7,0,5,1,4,5,3,2,3,5
9721,344,0,6,1,4,1,1,3,3,2,2,5
9722,344,0,6,0,3,1,2,5,5,1,1,4
9723,344,0,5,3,3,3,5,4,3,2,4,5
9724,344,0,5,2,3,3,3,4,2,5,4,2
9725,344,0,5,1,3,1,2,4,1,2,1,4
9726,344,0,5,1,3,3,5,5,1,3,2,5
9727,344,0,7,0,3,4,4,5,4,5,1,3
9728,344,1,3,2,3,3,4,5,1,5,5,3
9729,344,0,5,0,3,2,5,5,4,5,3,3
9730,344,1,4,3,3,4,3,5,2,1,4,5
9731,344,0,5,1,1,4,5,3,1,5,1,5
9732,344,0,7,1,4,5,4,1,2,4,5,5
9733,344,0,7,0,5,1,4,5,3,3,2,5
9734,344,0,6,0,3,1,4,5,2,3,3,5
9735,344,1,1,2,4,4,4,3,1,5,5,5
9736,344,0,5,1,4,1,1,5,1,3,3,4
9737,344,1,4,1,3,4,5,5,2,1,1,5
9738,344,1,4,1,3,3,3,2,1,3,1,5
9739,344,0,6,0,3,5,5,2,2,3,1,3
9740,344,0,5,2,5,3,3,1,2,3,5,1
9741,344,1,4,0,3,1,4,4,2,4,1,4
9742,344,0,7,0,3,2,4,4,5,3,2,5
9743,344,0,6,1,5,4,5,4,1,1,5,4
9744,344,1,4,1,3,2,3,5,5,2,1,1
9745,344,1,4,0,4,1,5,4,2,4,1,4
9746,344,1,3,0,4,3,4,5,2,3,1,4
9747,344,0,5,3,4,3,5,5,1,4,2,2
9748,344,0,6,1,4,1,5,5,3,3,3,5
9749,344,0,5,1,5,3,5,5,1,5,4,3
9750,344,0,6,1,3,2,4,5,1,4,3,4
9751,344,1,3,1,3,2,4,5,1,4,4,5
9752,344,1,3,2,3,1,3,4,3,3,4,3
9753,344,0,6,2,3,2,3,1,3,3,5,4
9754,344,0,6,1,3,1,4,4,4,3,1,4
9755,344,1,4,2,3,2,5,4,1,4,3,5
9756,344,0,6,3,3,4,4,4,1,4,1,5
9757,344,0,7,0,4,1,3,4,3,3,1,5
9758,344,0,5,3,3,2,4,5,3,4,3,4
9759,344,0,5,1,3,2,2,4,4,5,1,3
9760,344,0,7,2,3,3,5,2,2,4,5,4
9761,344,0,6,0,2,3,4,1,2,5,3,5
9762,344,1,1,0,4,2,5,1,3,3,5,4
9763,344,0,6,3,4,1,2,4,3,5,3,4
9764,344,0,6,0,4,2,2,4,5,3,2,4
9765,344,0,6,0,4,5,4,1,4,2,5,1
9766,344,0,5,0,5,3,3,2,2,3,5,5
9767,344,1,4,2,4,5,5,4,1,3,2,5
9768,344,1,4,0,3,2,4,4,1,3,2,5
9769,344,0,6,0,3,2,1,5,1,3,2,4
9770,344,0,6,1,3,4,3,2,3,4,1,5
9771,344,0,7,1,3,3,5,1,2,3,3,4
9772,344,0,6,0,3,1,5,4,1,5,2,4
9773,344,0,6,0,5,2,3,4,3,5,4,4
9774,344,0,7,1,5,3,5,4,2,5,4,3
9775,344,1,1,1,3,4,4,2,2,2,2,5
9776,344,0,7,1,3,1,4,5,4,5,4,4
9777,344,1,4,2,5,1,5,4,1,2,2,4
9778,344,0,6,2,4,1,5,4,2,5,1,1
9779,344,0,7,0,3,5,5,4,1,5,1,4
9780,344,0,5,0,3,5,5,3,1,5,4,2
9781,344,0,6,0,3,4,4,5,1,4,3,4
9782,344,0,5,0,4,3,1,4,1,5,3,5
9783,344,0,5,1,4,5,5,1,3,3,2,5
9784,344,0,6,3,3,2,4,4,2,5,1,5
9785,344,0,5,3,3,5,4,5,1,2,2,2
9786,344,0,6,1,5,4,4,2,1,4,2,5
9787,344,0,5,2,4,3,3,5,1,5,1,2
9788,344,1,4,2,4,1,3,1,1,3,1,4
9789,344,1,2,1,3,1,4,5,1,4,5,5
9790,344,0,5,2,4,2,5,4,1,5,1,5
9791,344,0,5,2,3,1,2,4,2,5,2,5
9792,344,1,4,2,4,4,2,2,3,4,1,5
9793,344,0,6,2,3,5,4,5,4,5,2,5
9794,344,0,6,0,3,1,3,3,1,3,4,2
9795,344,0,7,2,3,5,5,3,3,5,1,5
9796,344,0,5,2,3,1,4,4,4,4,4,1
9797,344,1,1,0,3,3,4,2,2,3,5,5
9798,344,0,7,1,3,3,5,5,1,5,1,4
9799,344,1,4,2,3,5,4,5,1,1,2,4
9800,344,0,6,0,3,2,4,4,2,3,4,4
9801,344,0,6,1,4,2,4,4,4,3,1,5
9802,344,1,2,2,3,2,5,3,3,2,2,5
9803,344,1,3,1,4,2,3,5,5,4,4,5
9804,344,1,1,1,5,2,5,5,3,5,4,4
9805,344,1,4,2,3,2,4,1,2,3,1,2
9806,344,0,5,1,3,3,5,3,2,1,2,5
9807,344,0,5,1,3,1,3,3,1,5,2,3
9808,344,0,5,2,3,4,4,4,1,4,3,4
9809,344,1,4,2,4,2,5,2,5,5,1,3
9810,344,0,5,1,3,1,5,3,1,3,1,3
9811,344,0,6,0,3,1,1,3,1,4,1,5
9812,344,0,6,3,3,1,5,1,4,5,2,5
9813,344,0,6,1,4,1,5,4,1,4,2,4
9814,344,0,5,1,3,1,4,4,3,5,5,3
9815,344,0,6,1,4,1,2,5,4,3,3,4
9816,344,0,6,2,3,5,1,4,2,4,5,5
9817,344,1,3,2,3,2,5,2,1,1,2,5
9818,344,1,1,2,3,5,3,4,2,1,2,5
9819,344,0,7,1,3,5,5,5,5,2,2,1
9820,344,0,7,0,2,2,1,2,4,3,1,5
9821,344,0,5,0,3,2,5,2,5,5,4,4
9822,344,0,5,5,4,2,5,2,1,4,2,5
9823,344,0,5,1,3,3,4,4,4,5,5,5
9824,344,0,6,2,3,3,4,4,4,5,4,5
9825,344,1,4,0,3,1,4,4,2,4,2,4
9826,344,0,5,1,5,2,5,2,2,1,2,4
9827,344,1,4,1,3,5,5,5,2,2,3,3
9828,344,0,5,1,3,1,3,2,2,2,2,3
9829,344,0,7,2,4,3,1,5,2,4,3,5
9830,344,0,7,1,3,2,5,5,1,4,4,3
9831,344,0,6,2,4,2,5,1,1,4,1,3
9832,344,0,7,0,3,2,5,2,1,4,1,5
9833,344,0,7,0,3,1,4,4,1,3,5,2
9834,344,0,6,3,3,5,2,3,2,4,2,3
9835,344,0,5,0,3,5,5,2,3,4,2,5
9836,344,0,5,0,5,1,4,3,1,4,5,3
9837,344,0,7,0,3,2,4,4,1,2,3,5
9838,344,0,5,1,3,3,5,3,4,4,2,1
9839,344,0,7,0,3,5,4,3,3,1,2,5
9840,344,0,7,1,3,4,3,5,2,3,3,5
9841,344,0,6,1,4,2,5,3,1,1,5,1
9842,344,1,4,0,3,4,2,4,3,5,1,4
9843,344,0,6,1,5,1,3,5,4,3,1,3
9844,344,0,6,1,2,5,2,4,2,3,2,4
9845,344,1,1,2,3,4,3,2,3,5,3,2
9846,344,0,6,1,3,2,4,3,5,5,1,4
9847,344,0,5,2,3,1,4,4,5,4,2,5
9848,344,0,7,1,3,3,5,5,2,4,1,3
9849,344,0,5,0,3,1,2,5,2,3,1,4
9850,344,1,3,0,3,1,1,5,4,5,1,3
9851,344,0,6,2,4,1,5,4,4,1,1,4
9852,344,0,7,2,3,1,4,2,3,5,3,5
9853,344,1,4,0,3,1,5,4,4,1,2,4
9854,344,0,5,0,5,1,4,4,2,2,2,5
9855,344,0,5,3,3,5,2,3,2,4,2,4
9856,344,0,7,1,2,2,4,1,1,5,3,5
9857,344,0,5,2,4,2,5,1,1,1,1,5
9858,344,0,6,0,4,2,5,4,5,3,2,2
9859,344,1,3,1,4,4,3,4,1,3,3,5
9860,344,0,5,1,4,1,5,2,2,5,1,4
9861,344,0,5,0,5,5,4,4,5,2,1,3
9862,344,0,5,1,3,2,3,3,5,2,4,4
9863,344,0,5,1,3,2,5,4,1,2,2,2
9864,344,1,3,1,3,1,4,1,1,4,1,5
9865,344,1,4,0,3,5,2,2,3,5,1,4
9866,344,0,6,1,3,4,3,2,2,4,2,5
9867,344,1,4,0,3,2,1,5,3,3,3,2
9868,344,0,5,1,3,1,4,2,3,5,1,4
9869,344,0,6,2,3,3,5,3,2,5,1,4
9870,344,0,7,0,3,1,4,5,3,3,5,5
9871,344,0,5,1,3,5,3,4,1,5,5,4
9872,344,0,7,0,3,5,5,5,5,4,5,5
9873,344,0,5,0,2,2,5,5,2,4,2,4
9874,344,0,7,1,1,5,4,5,5,3,5,1
9875,344,0,5,2,5,5,1,3,1,3,2,1
9876,344,0,7,0,3,2,3,4,3,5,2,4
9877,344,0,5,3,1,4,5,4,1,5,3,5
9878,344,0,5,0,3,2,4,4,4,4,5,4
9879,344,0,6,1,4,5,5,4,4,5,1,5
9880,344,0,6,0,4,1,4,4,1,3,3,3
9881,344,0,5,1,3,4,5,5,4,4,1,4
9882,344,0,6,1,3,2,4,5,5,1,1,5
9883,344,0,5,1,3,1,2,2,3,5,1,3
9884,344,0,7,0,4,3,1,3,2,4,2,3
9885,344,0,6,1,3,1,4,4,4,2,4,5
9886,344,1,4,0,3,2,2,1,1,3,3,3
9887,344,0,5,1,3,3,4,2,1,4,2,4
9888,344,1,4,1,4,5,3,3,1,5,2,5
9889,344,0,5,1,3,5,4,3,2,5,2,1
9890,344,0,6,0,3,1,4,5,3,5,1,3
9891,344,1,4,2,3,2,5,3,3,5,2,5
9892,344,0,5,2,4,4,5,1,1,3,1,2
9893,344,0,6,0,5,3,5,4,1,3,1,4
9894,344,0,7,0,4,5,1,5,1,3,1,4
9895,344,0,6,3,3,1,3,4,5,3,1,4
9896,344,0,7,1,3,3,4,4,3,4,1,5
9897,344,0,5,1,3,5,3,4,3,4,2,3
9898,344,0,6,0,3,2,5,3,1,3,1,5
9899,344,0,7,2,3,1,2,5,1,4,2,2
5200,230,0,5,2,3,4,5,4,1,4,1,2
5201,230,0,5,1,4,3,5,5,2,4,4,4
5202,230,0,6,0,3,1,3,5,1,4,1,4
5203,230,0,5,1,3,1,5,3,1,2,2,3
5204,230,0,5,1,4,2,5,3,1,2,2,1
5205,230,0,7,1,3,2,1,3,2,5,1,4
5206,230,0,5,1,3,3,4,5,3,1,1,4
5207,230,0,5,1,3,5,4,2,4,5,3,5
5208,230,0,6,1,3,5,4,3,1,5,5,5
5209,230,0,5,0,3,1,5,5,1,4,3,4
5210,230,0,6,1,3,1,4,5,3,4,1,4
5211,230,1,4,0,3,1,2,3,2,2,5,5
5212,230,0,6,2,3,2,5,4,4,5,2,5
5213,230,1,3,1,4,3,2,4,2,5,3,4
5214,230,1,4,1,3,1,1,4,3,5,2,3
5215,230,1,1,1,5,1,5,5,2,3,1,3
5216,230,0,5,0,5,3,4,5,1,1,2,5
5217,230,0,6,1,4,5,5,5,2,1,1,5
5218,230,0,6,1,4,1,5,4,4,4,3,3
5219,230,0,6,3,3,1,3,2,4,1,1,3
5220,230,0,7,0,5,4,4,4,1,5,1,5
5221,230,1,2,3,3,2,2,5,1,5,2,4
5222,230,0,6,2,3,2,5,5,2,3,2,4
5223,230,1,2,1,5,2,1,1,3,5,1,2
5224,230,0,7,1,3,2,5,5,5,5,4,4
5225,230,0,5,1,4,5,4,5,3,1,2,5
5226,230,0,6,2,3,3,3,5,2,4,3,4
5227,230,0,6,1,4,1,4,2,1,3,1,4
5228,230,0,6,0,3,4,4,4,1,3,3,5
5229,230,0,6,2,3,5,3,5,3,2,1,3
5230,230,0,6,0,3,1,1,4,2,1,3,5
5231,230,1,2,1,3,1,5,5,4,5,1,5
5232,230,0,7,2,4,5,4,5,2,4,2,5
5233,230,0,6,1,3,4,5,3,2,3,2,5
5234,230,1,2,3,3,3,5,4,1,5,5,2
5235,230,0,5,1,4,2,5,4,3,5,1,5
5236,230,0,7,1,4,1,4,1,4,2,5,5
5237,230,1,3,1,4,3,5,5,2,4,1,5
5238,230,0,5,2,4,1,5,2,3,5,4,3
5239,230,0,7,1,2,4,4,5,1,2,2,4
5240,230,0,7,1,4,2,5,4,2,4,1,3
5241,230,1,4,2,3,5,2,4,1,1,2,1
5242,230,0,7,2,3,2,5,5,3,2,2,4
5243,230,0,7,1,3,2,4,5,1,2,1,5
5244,230,0,6,0,3,2,1,5,2,4,4,1
5245,230,0,5,2,3,5,5,5,2,5,2,4
5246,230,0,6,2,3,3,3,4,2,3,1,2
5247,230,0,6,0,5,3,3,5,2,3,1,5
5248,230,0,6,2,4,1,5,4,1,4,1,1
5249,230,0,6,2,4,1,4,4,2,2,3,2
5250,230,0,6,2,3,2,5,3,1,4,4,5
5251,230,0,5,1,3,1,5,3,1,4,1,2
5252,230,0,7,1,3,1,3,3,2,4,2,2
5253,230,1,1,0,4,5,3,4,1,4,4,4
5254,230,0,6,1,3,1,1,2,3,5,1,1
5255,230,0,5,1,3,3,5,4,1,5,1,5
5256,230,1,3,0,3,2,3,4,4,5,4,5
5257,230,0,7,0,3,3,1,2,3,4,3,3
5258,230,0,7,2,3,3,4,1,2,5,1,4
5259,230,1,1,0,4,1,1,3,2,1,1,1
5260,230,0,7,0,3,1,4,1,3,3,4,4
5261,230,0,5,1,3,5,3,4,4,3,3,4
5262,230,0,6,1,3,5,4,1,1,4,1,2
5263,230,0,6,1,5,3,2,3,1,3,4,2
5264,230,0,6,1,4,3,3,4,2,2,1,5
5265,230,0,7,1,3,2,5,3,3,4,2,4
5266,230,0,6,2,3,2,1,1,1,1,2,4
5267,230,0,5,0,1,5,4,5,2,5,2,4
5268,230,0,5,0,5,5,5,5,2,5,1,4
5269,230,0,6,0,3,5,1,2,2,4,1,4
5270,230,0,6,0,3,4,5,2,2,2,1,5
5271,230,0,7,0,3,4,4,4,3,4,1,3
5272,230,0,5,2,3,4,3,4,3,5,2,2
5273,230,0,6,1,3,5,4,4,3,5,5,4
5274,230,0,5,0,2,1,4,3,1,2,4,2
5275,230,1,4,1,4,1,4,2,3,3,1,1
5276,230,0,5,2,3,1,5,5,2,1,2,2
5277,230,1,1,2,3,1,3,1,1,3,2,1
5278,230,1,4,1,4,4,5,5,4,5,1,3
5279,230,0,6,1,3,1,3,3,1,2,2,4
5280,230,0,5,2,4,3,5,3,3,5,1,2
5281,230,0,6,0,3,3,4,3,3,1,3,2
5282,230,0,6,2,3,1,5,5,5,3,1,5
5283,230,0,7,2,4,1,4,4,1,5,5,4
5284,230,0,6,1,5,1,5,3,2,4,2,3
5285,230,0,6,1,3,1,3,2,1,1,2,5
5286,230,0,6,0,3,5,3,4,3,4,3,5
5287,230,0,5,3,2,1,5,5,4,2,1,5
5288,230,0,5,1,5,2,4,3,2,4,4,5
5289,230,0,5,2,5,1,4,5,1,5,3,3
5290,230,1,4,0,4,3,1,4,4,2,1,5
5291,230,0,6,1,3,4,5,1,2,5,1,5
5292,230,0,5,1,3,2,4,4,2,2,4,5
5293,230,0,6,1,4,1,5,2,5,3,3,5
5294,230,0,6,1,3,1,2,1,2,2,1,5
5295,230,0,5,0,5,4,2,2,4,2,3,5
5296,230,1,1,2,3,2,4,3,4,4,1,5
5297,230,0,5,1,5,3,1,2,5,4,1,5
5298,230,1,1,1,3,5,4,5,2,5,2,4
5299,230,1,2,1,3,2,4,3,4,5,1,5
5300,230,1,1,1,3,1,3,4,2,3,1,4
5301,230,0,6,0,4,1,4,5,4,4,1,2
5302,230,0,6,0,3,2,2,4,2,4,3,5
5303,230,1,2,1,3,3,5,3,1,5,1,5
5304,230,0,5,1,3,2,1,5,3,5,2,5
5305,230,0,5,3,3,1,5,4,1,4,4,2
5306,230,0,5,1,3,2,2,3,1,2,5,4
5307,230,0,5,1,3,3,5,5,5,5,1,5
5308,230,0,7,0,4,2,5,3,3,4,1,5
5309,230,0,7,0,5,1,3,2,2,3,1,3
5310,230,0,5,1,3,2,2,5,1,4,2,5
5311,230,1,1,1,5,2,5,5,2,5,2,4
5312,230,1,1,1,3,4,2,5,3,5,2,5
5313,230,0,5,1,4,1,5,3,4,2,2,5
5314,230,0,5,1,5,3,1,5,3,5,2,5
5315,230,0,6,1,3,5,1,5,1,3,1,4
5316,230,0,6,0,3,5,1,2,2,3,2,4
5317,230,1,3,1,3,1,4,4,1,1,1,3
5318,230,1,2,2,3,2,5,4,4,1,2,5
5319,230,1,3,1,3,4,4,5,1,1,1,5
5320,230,0,6,2,5,2,4,2,2,5,1,2
5321,230,0,5,2,3,2,4,1,3,4,1,2
5322,230,0,7,1,3,5,4,5,5,3,3,5
5323,230,0,5,0,4,1,2,5,1,2,4,5
5324,230,1,1,0,3,1,4,3,2,2,2,5
5325,230,0,6,3,4,5,4,5,2,3,3,2
5326,230,0,6,0,3,4,4,1,2,5,2,4
5327,230,0,7,0,5,1,1,3,3,3,2,4
5328,230,0,7,3,3,4,5,1,1,4,2,1
5329,230,1,2,2,3,3,3,3,1,1,1,5
5330,230,0,5,0,3,5,5,4,2,5,3,4
5331,230,1,4,1,4,5,4,2,5,2,1,4
5332,230,0,6,0,3,4,4,4,3,4,1,4
5333,230,1,3,0,2,5,4,3,2,3,1,5
5334,230,0,6,2,3,4,2,5,1,3,1,5
5335,230,1,2,1,5,1,5,4,1,4,1,4
5336,230,1,1,2,3,1,4,5,1,5,1,3
5337,230,0,5,0,3,3,5,1,2,4,1,5
5338,230,0,6,1,3,5,2,1,2,2,1,5
5339,230,0,6,1,3,2,4,5,5,3,5,2
5340,230,0,6,2,3,2,1,5,2,4,2,4
5341,230,0,6,1,3,1,4,4,4,4,1,4
5342,230,1,3,1,3,2,4,5,2,4,2,4
5343,230,0,5,0,3,1,3,4,1,3,2,5
5344,230,1,4,1,3,2,5,3,2,5,1,3
5345,230,0,5,2,2,5,4,4,1,4,1,4
5346,230,0,6,0,3,2,4,5,2,4,3,4
5347,230,0,6,1,3,4,5,1,2,1,1,5
5348,230,0,5,0,3,1,1,3,1,2,2,5
5349,230,0,6,0,3,4,1,3,3,4,2,2
5350,230,0,7,1,3,1,5,4,4,3,1,5
5351,230,1,3,2,3,2,2,3,3,3,4,5
5352,230,0,7,1,2,1,5,4,3,1,1,4
5353,230,0,6,3,3,4,4,1,2,5,3,5
5354,230,1,2,0,3,3,5,1,1,3,5,4
5355,230,0,6,0,3,2,1,4,2,2,3,2
5356,230,1,1,0,3,1,2,3,1,5,4,5
5357,230,0,6,0,3,4,3,5,1,4,2,4
5358,230,0,5,1,3,1,4,4,1,3,3,4
5359,230,0,6,2,4,1,5,2,5,4,5,1
5360,230,0,5,0,2,1,5,5,1,4,2,5
5361,230,1,4,0,3,2,5,2,1,4,5,5
5362,230,0,5,0,3,5,3,3,3,3,2,5
5363,230,0,7,1,3,5,5,3,1,5,2,1
5364,230,0,6,1,3,1,4,1,5,3,1,3
5365,230,0,5,2,3,1,1,3,2,3,4,3
5366,230,0,6,2,3,5,4,4,2,5,1,5
5367,230,0,6,1,3,2,3,4,1,4,5,3
5368,230,0,6,1,3,3,3,5,3,5,1,1
5369,230,0,7,2,4,5,3,4,5,3,3,3
5370,230,0,5,1,3,5,5,2,2,5,3,4
5371,230,0,7,0,4,4,4,4,1,1,2,4
5372,230,0,5,1,4,5,1,3,1,4,2,4
5373,230,0,6,2,3,3,5,5,1,3,1,4
5374,230,0,6,0,3,5,3,3,2,5,2,5
5375,230,0,6,2,3,3,1,5,2,4,4,2
5376,230,0,6,2,3,4,3,2,2,2,2,5
5377,230,0,6,2,4,1,4,5,2,3,1,3
5378,230,1,4,0,5,5,2,2,3,4,2,4
5379,230,0,7,1,5,2,3,5,1,4,2,4
5380,230,0,6,0,4,4,5,5,1,3,2,5
5381,230,1,3,1,3,1,4,5,5,2,1,3
5382,230,1,4,1,4,3,4,5,2,3,3,2
5383,230,0,5,4,5,5,5,4,1,4,2,4
5384,230,0,5,2,4,5,4,5,2,4,2,2
5385,230,0,5,0,3,1,4,4,2,5,1,5
5386,230,0,6,2,3,1,4,4,3,4,4,4
5387,230,0,6,2,5,3,5,3,1,5,2,5
5388,230,0,5,1,4,3,5,4,1,1,1,5
5389,230,0,7,0,3,1,3,2,2,5,3,4
5390,230,0,6,1,4,4,4,2,4,4,1,5
5391,230,1,2,1,4,1,5,1,3,5,2,4
5392,230,0,5,1,4,1,5,1,2,4,3,3
5393,230,1,4,1,3,2,4,4,5,4,5,2
5394,230,0,5,1,3,1,5,4,5,3,2,4
5395,230,0,6,1,3,2,4,5,1,5,2,5
5396,230,0,5,1,4,1,3,4,1,5,2,4
5397,230,1,3,0,4,2,4,2,5,2,1,4
5398,230,1,2,0,3,5,3,3,1,3,3,5
5399,230,0,5,1,4,5,4,3,2,5,1,5
5400,230,1,4,2,5,5,3,5,1,4,5,4
5401,230,0,6,2,3,3,3,5,1,4,4,3
5402,230,0,6,2,1,5,5,5,5,3,2,3
5403,230,0,6,0,3,2,4,5,5,5,1,5
5404,230,0,5,3,3,2,3,5,4,4,4,5
5405,230,0,5,1,4,1,4,5,3,3,1,3
5406,230,0,5,0,4,1,4,5,2,1,1,3
5407,230,0,5,2,3,1,5,4,1,2,1,4
5408,230,1,4,1,3,2,5,3,3,5,2,4
5409,230,0,6,1,3,2,4,1,1,5,1,5
5410,230,1,3,1,3,1,2,2,3,1,1,4
5411,230,0,5,2,3,2,1,4,2,4,1,3
5412,230,0,7,1,5,2,2,4,4,4,1,4
5413,230,0,5,1,3,1,5,4,3,3,1,4
5414,230,0,7,1,3,4,5,4,2,4,3,3
5415,230,0,7,1,3,1,5,4,2,3,4,5
5416,230,0,6,1,3,1,5,1,1,5,1,1
5417,230,0,5,2,3,2,5,5,1,5,2,4
5418,230,1,1,1,5,2,3,5,2,3,2,4
5419,230,1,4,0,5,5,4,4,1,1,4,1
5420,230,0,6,1,4,3,1,5,1,3,1,4
5421,230,0,5,1,3,5,5,4,5,4,1,4
5422,230,0,6,3,3,3,4,2,1,2,3,5
5423,230,0,6,0,5,1,4,4,4,4,2,5
5424,230,0,5,1,3,1,1,5,2,5,4,4
5425,230,0,7,1,3,4,5,4,2,2,1,2
5426,230,0,5,2,4,4,4,4,1,1,2,3
5427,230,0,6,1,3,1,4,4,1,2,5,5
5428,230,0,5,2,3,3,2,4,2,4,2,5
5429,230,1,4,0,1,1,4,3,2,5,2,3
5430,230,0,6,1,3,5,1,4,1,2,4,5
5431,230,1,4,0,3,4,2,3,1,3,1,5
5432,230,0,5,0,2,1,4,4,1,2,2,5
5433,230,0,6,1,3,1,3,5,1,3,2,5
5434,230,0,6,0,3,5,1,1,5,5,4,4
5435,230,0,7,2,4,5,5,4,1,4,3,4
5436,230,1,4,2,2,3,4,4,3,5,1,5
5437,230,0,6,0,3,3,5,5,2,5,3,5
5438,230,0,6,2,3,2,3,4,5,2,2,4
5439,230,0,5,2,3,3,4,4,3,2,1,4
5440,230,0,6,0,3,2,4,2,3,5,2,2
5441,230,0,5,1,5,2,4,3,3,5,5,3
5442,230,0,7,1,4,3,4,5,1,4,5,2
5443,230,0,6,0,3,3,3,5,2,4,2,5
5444,230,0,7,1,3,2,4,1,3,5,2,5
5445,230,1,4,1,4,4,5,5,1,5,2,3
5446,230,0,5,0,3,4,4,4,1,1,1,1
5447,230,0,6,2,3,5,3,2,2,3,2,4
5448,230,0,5,1,3,1,4,3,2,5,2,5
5449,230,0,5,0,2,5,4,5,2,1,1,5
5450,230,0,6,0,3,3,4,4,1,2,2,3
5451,230,0,6,2,3,4,5,4,4,1,3,4
5452,230,0,6,0,2,5,4,2,1,4,3,3
5453,230,0,7,0,3,3,5,3,3,3,1,4
5454,230,1,2,2,5,4,1,5,2,5,2,4
5455,230,0,7,2,3,1,4,5,5,3,2,4
5456,230,0,5,2,3,3,4,5,4,4,1,1
5457,230,0,5,2,3,3,3,3,3,5,4,3
5458,230,0,5,1,3,5,5,4,1,4,2,3
5459,230,0,5,1,3,5,1,5,2,5,2,4
5460,230,0,6,1,3,4,5,1,2,5,4,3
5461,230,0,5,1,4,5,5,3,1,2,2,5
5462,230,0,5,0,5,1,5,4,1,2,2,5
5463,230,0,5,0,3,4,1,5,3,5,5,4
5464,230,1,2,0,3,3,4,4,1,5,3,4
5465,230,0,5,1,3,3,1,4,1,3,3,4
5466,230,0,7,2,3,2,5,4,2,5,2,4
5467,230,1,4,2,3,5,5,4,1,4,1,5
5468,230,0,5,2,3,1,4,2,1,4,2,1
5469,230,1,1,0,4,1,4,4,2,5,4,3
5470,230,1,2,0,2,5,5,5,3,4,2,3
5471,230,0,5,4,4,5,1,3,2,5,2,4
5472,230,0,7,2,3,4,2,4,1,3,1,5
5473,230,0,5,1,3,1,5,4,3,5,5,3
5474,230,0,7,0,3,2,1,4,1,4,1,4
5475,230,0,6,1,3,2,1,4,2,4,2,5
5476,230,0,5,0,4,5,2,2,3,5,1,2
5477,230,1,4,1,3,2,5,3,3,3,4,4
5478,230,0,6,1,4,1,4,1,2,4,5,4
5479,230,0,6,0,3,3,5,3,5,4,1,5
5480,230,1,4,2,3,3,5,1,1,5,2,4
5481,230,0,5,1,3,4,3,2,1,1,1,2
5482,230,0,7,4,3,5,4,3,2,4,4,5
5483,230,0,5,2,3,1,5,3,3,5,1,5
5484,230,1,4,0,5,1,4,2,2,2,3,5
5485,230,0,5,0,2,3,5,3,4,2,4,5
5486,230,0,6,2,4,1,5,4,1,1,3,4
5487,230,1,2,0,5,4,4,4,2,3,1,5
5488,230,0,5,0,3,1,4,4,3,3,4,5
5489,230,0,6,0,3,1,1,1,2,3,4,5
5490,230,1,4,1,4,1,4,5,2,5,1,2
5491,230,0,5,1,4,1,4,5,5,3,2,4
5492,230,0,5,2,3,3,4,2,1,1,2,5
5493,230,0,7,0,3,1,1,4,3,1,1,4
5494,230,0,5,0,4,3,5,4,5,1,1,2
5495,230,0,7,1,5,5,2,3,1,4,1,2
5496,230,1,4,1,3,2,5,5,3,3,1,3
5497,230,0,6,1,4,1,4,3,4,5,1,1
5498,230,1,4,2,3,4,3,2,2,4,5,5
5499,230,0,5,2,3,3,4,2,2,2,3,5
5500,230,0,6,1,3,2,3,3,3,4,3,1
5501,230,0,5,1,3,4,2,4,2,5,4,2
5502,230,0,5,1,3,4,5,3,1,5,4,4
5503,230,0,6,1,3,4,5,4,2,3,3,1
5504,230,1,3,0,3,5,4,5,1,3,1,5
5505,230,0,7,2,3,3,1,1,5,5,4,4
5506,230,1,4,2,4,3,2,3,5,4,1,4
5507,230,1,4,0,4,4,5,1,1,4,2,5
5508,230,0,6,1,3,4,4,5,1,5,2,1
5509,230,0,5,2,3,5,4,3,2,5,1,5
5510,230,0,5,2,4,1,2,5,3,3,1,4
5511,230,0,6,0,4,4,5,5,1,4,1,4
5512,230,0,7,1,2,1,4,1,1,2,4,3
5513,230,0,7,0,3,2,5,1,3,2,3,4
5514,230,1,1,1,3,1,5,2,1,4,2,5
5515,230,0,5,0,3,4,1,2,1,2,1,1
5516,230,1,1,0,3,4,4,4,1,5,1,3
5517,230,0,5,0,3,1,4,2,5,4,5,4
5518,230,0,5,1,3,1,1,5,2,3,4,3
5519,230,0,5,1,4,3,1,5,3,3,1,5
5520,230,0,6,0,3,4,4,5,2,4,5,4
5521,230,0,5,2,3,3,5,2,3,5,1,5
5522,230,1,3,0,3,2,5,3,1,4,3,3
5523,230,0,5,2,4,5,3,2,1,5,2,5
5524,230,0,6,0,4,4,5,4,1,4,4,3
5525,230,0,7,0,4,2,4,5,1,3,4,3
5526,230,0,6,1,3,4,5,4,1,4,1,5
5527,230,0,6,2,3,1,4,1,1,4,1,2
5528,230,0,6,2,3,3,5,5,3,3,4,5
5529,230,1,4,1,3,5,5,3,5,5,5,3
5530,230,0,6,1,3,2,1,2,5,4,1,3
5531,230,0,5,3,3,1,1,2,1,2,2,5
5532,230,1,2,0,3,1,3,4,4,5,3,3
5533,230,0,6,2,5,2,5,4,3,4,1,4
5534,230,0,6,1,4,2,4,5,3,2,1,5
5535,230,0,5,3,2,4,3,5,1,5,1,4
5536,230,1,4,2,3,3,3,5,2,3,1,2
5537,230,0,7,2,3,2,4,5,1,4,2,5
5538,230,1,4,0,1,2,1,3,2,4,5,2
5539,230,0,7,1,3,3,2,3,2,3,4,3
5540,230,1,1,0,3,3,3,1,1,4,1,5
5541,230,0,6,1,3,4,5,5,2,2,4,4
5542,230,1,4,2,2,2,5,4,2,5,3,4
5543,230,1,4,1,2,1,1,4,4,1,3,5
5544,230,0,7,1,3,1,5,5,1,2,3,2
5545,230,0,6,2,3,3,4,3,5,1,2,5
5546,230,0,5,0,3,1,5,5,2,3,2,5
5547,230,0,6,3,3,4,1,4,1,3,1,5
5548,230,0,5,0,3,2,4,5,2,5,3,5
5549,230,0,6,0,3,5,3,4,1,4,3,5
5550,230,1,3,3,3,4,5,5,3,5,2,2
5551,230,0,5,1,3,1,5,3,2,2,2,2
5552,230,0,6,1,4,2,3,4,2,5,2,4
5553,230,0,7,2,5,1,5,4,2,4,3,2
5554,230,0,5,2,3,3,5,5,5,5,5,4
5555,230,0,5,4,3,1,3,4,1,5,1,5
5556,230,0,6,0,5,5,4,5,2,5,4,4
5557,230,0,6,2,3,2,5,1,2,4,2,4
5558,230,1,3,1,3,1,2,4,2,3,3,5
5559,230,0,5,0,3,4,4,4,3,5,1,4
5560,230,0,7,0,5,3,4,3,3,5,3,4
5561,230,0,7,1,3,2,2,4,2,2,2,5
5562,230,0,5,0,3,1,4,5,2,4,5,3
5563,230,0,5,1,3,2,5,3,4,5,2,5
5564,230,1,3,0,3,1,4,3,3,3,4,3
5565,230,0,7,0,5,3,5,5,1,2,2,3
5566,230,1,3,2,3,1,4,4,1,1,4,5
5567,230,0,6,0,3,3,4,5,3,5,1,5
5568,230,0,5,2,3,1,3,3,4,5,5,2
5569,230,0,6,1,3,3,5,4,5,2,3,5
5570,230,0,5,2,3,3,5,3,1,5,1,3
5571,230,0,5,2,3,1,3,2,2,5,1,5
5572,230,1,3,2,3,4,3,5,4,5,1,1
5573,230,0,5,2,3,4,5,4,3,2,3,5
5574,230,0,6,1,4,3,3,1,1,1,1,2
5575,230,0,5,1,3,3,4,3,4,4,5,4
5576,230,1,3,1,4,3,5,4,2,2,4,3
5577,230,1,2,1,3,3,3,3,4,1,1,5
5578,230,0,5,1,4,1,5,4,2,3,1,2
5579,230,1,4,1,4,2,5,1,4,3,1,1
5580,230,1,4,0,4,2,3,2,2,3,4,4
5581,230,1,3,0,3,2,1,3,2,3,1,5
5582,230,0,5,1,3,1,4,4,1,5,2,5
5583,230,1,4,0,3,1,1,3,2,5,2,4
5584,230,0,6,2,3,2,4,1,3,3,1,4
5585,230,0,5,2,3,1,4,4,4,5,4,5
5586,230,1,4,1,5,1,3,4,4,4,3,4
5587,230,0,6,0,3,3,4,4,1,5,5,4
5588,230,1,1,3,3,2,5,5,1,4,2,3
5589,230,1,1,2,3,5,3,4,3,4,4,4
5590,230,0,5,3,5,3,4,3,2,1,3,5
5591,230,1,1,1,4,3,2,5,3,3,2,4
5592,230,0,6,1,3,2,4,4,4,1,4,5
5593,230,0,6,3,3,1,4,5,2,3,2,4
5594,230,0,6,0,5,2,5,1,1,4,5,4
5595,230,0,5,1,4,4,5,3,3,2,2,5
5596,230,0,7,0,3,4,4,4,2,4,1,1
5597,230,0,6,1,3,1,5,5,2,3,1,2
5598,230,0,5,1,3,3,5,5,1,2,3,5
5599,230,0,6,1,3,5,5,3,2,5,3,5
5600,230,0,6,1,3,4,2,3,1,2,4,5
5601,230,1,4,1,3,1,4,4,1,4,2,1
5602,230,0,7,1,3,1,5,2,1,3,2,4
5603,230,0,5,1,4,2,1,3,1,2,2,5
5604,230,0,6,2,4,4,5,1,1,5,2,5
5605,230,0,6,1,3,1,1,4,2,4,1,4
5606,230,1,4,1,5,1,3,3,2,5,2,5
5607,230,1,3,1,3,4,5,5,3,5,3,4
5608,230,0,6,2,4,3,2,3,1,5,2,3
5609,230,0,5,2,3,2,4,4,3,1,1,3
5610,230,1,1,1,3,1,4,2,1,4,1,4
5611,230,0,6,2,3,5,4,2,2,3,1,4
5612,230,1,4,0,5,3,4,5,3,2,1,5
5613,230,0,5,0,3,1,5,5,2,2,2,5
5614,230,0,6,1,4,2,4,3,2,4,2,4
5615,230,0,6,2,3,4,4,5,4,2,2,5
5616,230,1,1,1,3,2,4,1,1,3,3,4
5617,230,0,6,1,3,1,3,4,5,5,1,4
5618,230,0,6,0,5,1,4,4,4,1,1,1
5619,230,0,6,1,4,1,2,4,1,5,1,4
5620,230,0,6,1,3,1,4,2,2,5,1,3
5621,230,0,5,0,3,1,5,4,5,1,1,4
5622,230,1,3,2,3,2,3,4,2,4,1,5
5623,230,1,4,1,4,2,4,5,1,1,1,4
5624,230,1,3,0,3,1,4,3,1,2,3,1
5625,230,0,6,0,4,5,4,5,1,2,4,5
5626,230,0,6,3,3,4,4,5,1,2,1,5
5627,230,0,7,1,3,3,5,2,2,2,4,4
5628,230,0,7,2,3,1,2,4,4,1,1,5
5629,230,0,6,2,4,1,3,5,5,2,2,4
5630,230,0,5,0,4,2,4,3,1,4,2,4
5631,230,0,6,0,4,3,5,5,2,5,1,5
5632,230,0,6,0,3,2,4,5,1,5,5,5
5633,230,1,3,1,3,5,1,4,1,2,2,4
5634,230,0,6,1,3,1,3,3,2,4,2,3
5635,230,0,6,1,4,2,2,1,4,3,1,4
5636,230,0,5,0,3,1,3,5,4,4,5,2
5637,230,1,4,3,4,3,5,2,2,5,1,4
5638,230,1,1,0,3,3,1,2,3,4,1,3
5639,230,0,5,0,3,2,1,2,1,3,2,5
5640,230,1,4,1,5,5,5,3,1,3,3,5
5641,230,1,4,1,3,3,1,3,1,2,4,4
5642,230,0,6,3,4,2,5,4,1,4,1,5
5643,230,0,6,1,3,5,3,3,5,4,4,5
5644,230,0,7,0,3,4,4,4,1,4,1,5
5645,230,0,7,1,3,1,5,3,2,4,3,3
5646,230,0,7,1,4,4,2,3,2,2,5,3
5647,230,0,6,2,5,1,5,4,2,4,1,4
5648,230,0,6,2,3,1,5,4,3,3,3,3
5649,230,0,7,1,3,5,2,4,2,4,2,4
5650,230,1,4,1,4,1,5,3,3,5,2,4
5651,230,0,7,0,3,2,5,2,1,4,5,4
5652,230,1,4,0,4,3,5,2,5,4,5,5
5653,230,1,4,1,3,1,5,5,4,5,5,4
5654,230,1,3,2,4,1,4,3,2,1,4,4
5655,230,1,3,1,3,3,3,5,3,4,4,4
5656,230,1,3,1,3,2,4,4,5,4,3,5
5657,230,1,4,2,4,2,5,4,1,2,2,4
5658,230,0,6,0,3,4,5,5,1,4,1,5
5659,230,0,6,3,4,3,3,4,1,5,5,3
5660,230,0,6,1,3,3,5,5,4,5,4,5
5661,230,1,2,3,3,2,1,5,1,5,1,1
5662,230,1,2,2,3,3,4,3,2,3,1,3
5663,230,1,4,4,5,1,2,3,2,5,1,3
5664,230,1,4,1,4,1,4,4,2,4,1,3
5665,230,0,7,2,4,1,5,3,5,5,2,5
5666,230,0,6,2,4,1,3,2,1,1,1,4
5667,230,0,5,1,3,1,1,4,1,1,1,3
5668,230,1,4,2,5,2,4,4,1,3,2,4
5669,230,1,2,1,3,2,5,2,1,4,1,4
5670,230,0,7,0,3,1,3,4,2,1,4,4
5671,230,0,7,3,3,5,2,3,1,2,3,3
5672,230,0,5,2,4,2,5,5,3,1,2,2
5673,230,0,6,1,4,1,5,4,1,3,3,4
5674,230,0,6,1,2,1,4,3,1,4,2,5
5675,230,0,6,0,3,4,1,4,3,2,5,4
5676,230,1,4,2,3,2,1,3,2,4,3,4
5677,230,0,6,1,3,1,4,5,2,4,3,4
5678,230,0,5,0,3,3,3,4,1,3,2,2
5679,230,0,6,0,4,2,5,5,3,4,1,5
5680,230,0,6,1,3,5,5,5,1,4,1,5
5681,230,0,6,1,3,3,1,4,1,4,3,3
5682,230,0,5,0,3,2,3,1,1,4,1,4
5683,230,1,4,1,4,1,4,4,1,3,4,5
5684,230,0,7,0,3,5,3,5,1,5,2,4
5685,230,0,7,0,4,2,5,3,3,4,5,3
5686,230,0,5,1,4,3,3,4,3,5,2,1
5687,230,0,5,1,3,2,5,5,1,5,1,5
5688,230,0,7,1,3,1,1,5,1,1,1,4
5689,230,1,4,1,3,2,5,3,3,3,3,2
5690,230,0,7,4,3,1,5,3,1,5,3,4
5691,230,1,4,3,4,1,2,3,2,5,1,4
5692,230,1,4,1,5,2,5,4,1,3,2,4
5693,230,0,5,3,3,1,2,3,2,2,1,2
5694,230,1,3,1,3,2,3,4,1,4,5,4
5695,230,0,6,1,3,4,5,4,5,3,3,3
5696,230,0,5,0,3,1,4,1,5,2,1,5
5697,230,1,4,2,3,3,5,4,1,3,1,3
5698,230,0,5,2,4,2,3,4,1,2,5,3
5699,230,0,7,3,3,2,4,5,2,2,4,3